"행정구역(동읍면)별(1)","행정구역(동읍면)별(2)",행정구역(동읍면)별(3),행정구역(동읍면)별(4),항목,2023.12,2023.12,2023.12,2023.12,2023.12,2023.12,2023.12,2023.12,2023.12,2023.12,2023.12,2023.12
"행정구역(동읍면)별(1)","행정구역(동읍면)별(2)",행정구역(동읍면)별(3),행정구역(동읍면)별(4),항목,계,0 - 4세,5 - 9세,10 - 14세,65 - 69세,70 - 74세,75 - 79세,80 - 84세,85 - 89세,90 - 94세,95 - 99세,100+
"경상북도","소계",소계,소계,총인구수 (명),2554324,59519,92407,108925,204308,149037,103909,95612,54388,18784,3883,565
"경상북도","소계",소계,소계,남자인구수 (명),1290298,30559,47533,56562,102082,70824,46265,34751,15935,4131,646,54
"경상북도","소계",소계,소계,여자인구수 (명),1264026,28960,44874,52363,102226,78213,57644,60861,38453,14653,3237,511
"경상북도","포항시",소계,소계,총인구수 (명),493033,12069,20091,23741,39718,26457,16617,12539,6103,2116,439,63
"경상북도","포항시",소계,소계,남자인구수 (명),250242,6216,10486,12352,19345,12933,7738,4833,1753,435,59,6
"경상북도","포항시",소계,소계,여자인구수 (명),242791,5853,9605,11389,20373,13524,8879,7706,4350,1681,380,57
"경상북도","포항시",남구,소계,총인구수 (명),226278,5153,8837,10856,18385,12522,7686,5673,2695,866,188,24
"경상북도","포항시",남구,소계,남자인구수 (명),117509,2650,4623,5661,8967,6124,3615,2259,782,161,23,1
"경상북도","포항시",남구,소계,여자인구수 (명),108769,2503,4214,5195,9418,6398,4071,3414,1913,705,165,23
"경상북도","포항시",남구,구룡포읍,총인구수 (명),6827,32,53,93,980,749,532,552,295,76,15,2
"경상북도","포항시",남구,구룡포읍,남자인구수 (명),3454,12,28,45,493,326,210,199,89,16,2,0
"경상북도","포항시",남구,구룡포읍,여자인구수 (명),3373,20,25,48,487,423,322,353,206,60,13,2
"경상북도","포항시",남구,연일읍,총인구수 (명),29134,491,1187,1668,2115,1319,795,515,299,85,18,2
"경상북도","포항시",남구,연일읍,남자인구수 (명),14805,256,623,879,1050,688,397,201,87,18,2,0
"경상북도","포항시",남구,연일읍,여자인구수 (명),14329,235,564,789,1065,631,398,314,212,67,16,2
"경상북도","포항시",남구,오천읍,총인구수 (명),57679,1921,2806,3327,3331,1959,1130,931,448,157,28,2
"경상북도","포항시",남구,오천읍,남자인구수 (명),30992,1009,1425,1719,1710,959,503,352,142,33,5,0
"경상북도","포항시",남구,오천읍,여자인구수 (명),26687,912,1381,1608,1621,1000,627,579,306,124,23,2
"경상북도","포항시",남구,대송면,총인구수 (명),3220,18,33,47,481,345,229,159,101,31,8,0
"경상북도","포항시",남구,대송면,남자인구수 (명),1670,8,18,24,252,172,111,52,24,3,0,0
"경상북도","포항시",남구,대송면,여자인구수 (명),1550,10,15,23,229,173,118,107,77,28,8,0
"경상북도","포항시",남구,동해면,총인구수 (명),9503,175,222,359,952,688,497,396,200,60,16,3
"경상북도","포항시",남구,동해면,남자인구수 (명),4804,94,103,190,498,309,223,148,58,14,1,0
"경상북도","포항시",남구,동해면,여자인구수 (명),4699,81,119,169,454,379,274,248,142,46,15,3
"경상북도","포항시",남구,장기면,총인구수 (명),3861,19,34,53,472,449,366,369,247,96,16,5
"경상북도","포항시",남구,장기면,남자인구수 (명),1894,11,25,23,233,214,166,148,66,22,2,1
"경상북도","포항시",남구,장기면,여자인구수 (명),1967,8,9,30,239,235,200,221,181,74,14,4
"경상북도","포항시",남구,호미곶면,총인구수 (명),1718,4,16,21,219,211,154,158,79,36,7,2
"경상북도","포항시",남구,호미곶면,남자인구수 (명),838,2,7,13,110,91,63,51,14,4,0,0
"경상북도","포항시",남구,호미곶면,여자인구수 (명),880,2,9,8,109,120,91,107,65,32,7,2
"경상북도","포항시",남구,상대동,총인구수 (명),23954,330,561,677,2490,1848,1105,637,229,74,11,3
"경상북도","포항시",남구,상대동,남자인구수 (명),12571,168,305,352,1135,866,555,308,74,11,1,0
"경상북도","포항시",남구,상대동,여자인구수 (명),11383,162,256,325,1355,982,550,329,155,63,10,3
"경상북도","포항시",남구,해도동,총인구수 (명),16537,193,261,360,2053,1544,954,681,209,71,12,2
"경상북도","포항시",남구,해도동,남자인구수 (명),8518,95,143,181,916,709,438,317,70,9,0,0
"경상북도","포항시",남구,해도동,여자인구수 (명),8019,98,118,179,1137,835,516,364,139,62,12,2
"경상북도","포항시",남구,송도동,총인구수 (명),11608,111,187,285,1569,1180,766,563,226,53,26,2
"경상북도","포항시",남구,송도동,남자인구수 (명),5797,53,115,153,698,567,354,217,61,15,7,0
"경상북도","포항시",남구,송도동,여자인구수 (명),5811,58,72,132,871,613,412,346,165,38,19,2
"경상북도","포항시",남구,청림동,총인구수 (명),4822,108,93,107,489,370,282,186,67,23,1,0
"경상북도","포항시",남구,청림동,남자인구수 (명),2657,51,48,51,239,177,132,75,23,5,0,0
"경상북도","포항시",남구,청림동,여자인구수 (명),2165,57,45,56,250,193,150,111,44,18,1,0
"경상북도","포항시",남구,제철동,총인구수 (명),2593,35,65,91,203,147,86,48,32,7,3,0
"경상북도","포항시",남구,제철동,남자인구수 (명),1486,20,39,46,103,78,38,18,9,2,0,0
"경상북도","포항시",남구,제철동,여자인구수 (명),1107,15,26,45,100,69,48,30,23,5,3,0
"경상북도","포항시",남구,효곡동,총인구수 (명),29941,868,2304,2468,1800,948,422,174,96,48,12,1
"경상북도","포항시",남구,효곡동,남자인구수 (명),15301,431,1208,1310,925,568,240,69,35,5,1,0
"경상북도","포항시",남구,효곡동,여자인구수 (명),14640,437,1096,1158,875,380,182,105,61,43,11,1
"경상북도","포항시",남구,대이동,총인구수 (명),24881,848,1015,1300,1231,765,368,304,167,49,15,0
"경상북도","포항시",남구,대이동,남자인구수 (명),12722,440,536,675,605,400,185,104,30,4,2,0
"경상북도","포항시",남구,대이동,여자인구수 (명),12159,408,479,625,626,365,183,200,137,45,13,0
"경상북도","포항시",북구,소계,총인구수 (명),266755,6916,11254,12885,21333,13935,8931,6866,3408,1250,251,39
"경상북도","포항시",북구,소계,남자인구수 (명),132733,3566,5863,6691,10378,6809,4123,2574,971,274,36,5
"경상북도","포항시",북구,소계,여자인구수 (명),134022,3350,5391,6194,10955,7126,4808,4292,2437,976,215,34
"경상북도","포항시",북구,흥해읍,총인구수 (명),40732,1290,1995,2113,3072,1987,1323,1147,581,212,49,5
"경상북도","포항시",북구,흥해읍,남자인구수 (명),20335,682,1044,1114,1541,953,594,406,135,36,7,0
"경상북도","포항시",북구,흥해읍,여자인구수 (명),20397,608,951,999,1531,1034,729,741,446,176,42,5
"경상북도","포항시",북구,신광면,총인구수 (명),2836,22,31,42,423,314,213,228,143,83,10,2
"경상북도","포항시",북구,신광면,남자인구수 (명),1420,8,15,25,235,162,91,88,37,15,0,0
"경상북도","포항시",북구,신광면,여자인구수 (명),1416,14,16,17,188,152,122,140,106,68,10,2
"경상북도","포항시",북구,청하면,총인구수 (명),4570,14,37,104,559,428,372,373,187,85,20,0
"경상북도","포항시",북구,청하면,남자인구수 (명),2244,8,19,52,281,202,160,120,48,21,1,0
"경상북도","포항시",북구,청하면,여자인구수 (명),2326,6,18,52,278,226,212,253,139,64,19,0
"경상북도","포항시",북구,송라면,총인구수 (명),2415,8,25,21,323,268,202,224,121,50,12,0
"경상북도","포항시",북구,송라면,남자인구수 (명),1161,5,11,12,149,132,96,71,30,8,0,0
"경상북도","포항시",북구,송라면,여자인구수 (명),1254,3,14,9,174,136,106,153,91,42,12,0
"경상북도","포항시",북구,기계면,총인구수 (명),4894,35,57,54,675,537,387,415,265,85,20,3
"경상북도","포항시",북구,기계면,남자인구수 (명),2407,21,26,22,332,272,176,144,71,22,3,0
"경상북도","포항시",북구,기계면,여자인구수 (명),2487,14,31,32,343,265,211,271,194,63,17,3
"경상북도","포항시",북구,죽장면,총인구수 (명),2067,5,21,22,351,244,174,193,121,33,8,2
"경상북도","포항시",북구,죽장면,남자인구수 (명),1042,1,13,12,176,129,86,63,42,6,1,0
"경상북도","포항시",북구,죽장면,여자인구수 (명),1025,4,8,10,175,115,88,130,79,27,7,2
"경상북도","포항시",북구,죽장면상옥출장소,총인구수 (명),617,2,3,1,119,73,42,48,31,6,5,1
"경상북도","포항시",북구,죽장면상옥출장소,남자인구수 (명),320,0,1,0,57,46,22,20,13,1,1,0
"경상북도","포항시",북구,죽장면상옥출장소,여자인구수 (명),297,2,2,1,62,27,20,28,18,5,4,1
"경상북도","포항시",북구,기북면,총인구수 (명),1299,2,9,15,196,160,111,117,66,31,2,3
"경상북도","포항시",북구,기북면,남자인구수 (명),646,1,4,6,106,87,52,33,18,12,0,0
"경상북도","포항시",북구,기북면,여자인구수 (명),653,1,5,9,90,73,59,84,48,19,2,3
"경상북도","포항시",북구,중앙동,총인구수 (명),14603,251,267,298,1596,1227,868,679,297,99,15,2
"경상북도","포항시",북구,중앙동,남자인구수 (명),7226,124,128,152,758,572,358,255,110,17,2,1
"경상북도","포항시",북구,중앙동,여자인구수 (명),7377,127,139,146,838,655,510,424,187,82,13,1
"경상북도","포항시",북구,양학동,총인구수 (명),16953,366,631,809,1302,792,476,293,127,53,12,0
"경상북도","포항시",북구,양학동,남자인구수 (명),8365,185,310,426,656,396,215,115,46,9,2,0
"경상북도","포항시",북구,양학동,여자인구수 (명),8588,181,321,383,646,396,261,178,81,44,10,0
"경상북도","포항시",북구,죽도동,총인구수 (명),19472,278,360,423,2125,1550,1098,732,289,98,20,5
"경상북도","포항시",북구,죽도동,남자인구수 (명),9681,134,185,215,906,708,519,319,99,30,4,2
"경상북도","포항시",북구,죽도동,여자인구수 (명),9791,144,175,208,1219,842,579,413,190,68,16,3
"경상북도","포항시",북구,용흥동,총인구수 (명),21088,407,687,836,2074,1394,882,601,254,100,16,3
"경상북도","포항시",북구,용흥동,남자인구수 (명),10307,209,353,445,966,679,418,263,76,31,5,0
"경상북도","포항시",북구,용흥동,여자인구수 (명),10781,198,334,391,1108,715,464,338,178,69,11,3
"경상북도","포항시",북구,우창동,총인구수 (명),32867,1187,1657,1774,2213,1307,764,554,281,98,16,7
"경상북도","포항시",북구,우창동,남자인구수 (명),16037,582,901,934,1075,635,307,186,62,10,2,1
"경상북도","포항시",북구,우창동,여자인구수 (명),16830,605,756,840,1138,672,457,368,219,88,14,6
"경상북도","포항시",북구,두호동,총인구수 (명),22152,607,895,986,1851,1074,646,413,207,66,11,1
"경상북도","포항시",북구,두호동,남자인구수 (명),10862,296,464,522,910,522,319,167,67,20,2,0
"경상북도","포항시",북구,두호동,여자인구수 (명),11290,311,431,464,941,552,327,246,140,46,9,1
"경상북도","포항시",북구,장량동,총인구수 (명),71053,2205,4132,4788,3733,2085,1072,676,365,123,34,5
"경상북도","포항시",북구,장량동,남자인구수 (명),36189,1186,2160,2455,1885,1082,557,262,92,26,6,1
"경상북도","포항시",북구,장량동,여자인구수 (명),34864,1019,1972,2333,1848,1003,515,414,273,97,28,4
"경상북도","포항시",북구,환여동,총인구수 (명),9137,237,447,599,721,495,301,173,73,28,1,0
"경상북도","포항시",북구,환여동,남자인구수 (명),4491,124,229,299,345,232,153,62,25,10,0,0
"경상북도","포항시",북구,환여동,여자인구수 (명),4646,113,218,300,376,263,148,111,48,18,1,0
"경상북도","경주시",소계,소계,총인구수 (명),247489,5345,8068,9608,21015,15444,10774,9535,5292,1868,318,50
"경상북도","경주시",소계,소계,남자인구수 (명),123906,2784,4098,4926,10319,7150,4807,3447,1458,411,50,7
"경상북도","경주시",소계,소계,여자인구수 (명),123583,2561,3970,4682,10696,8294,5967,6088,3834,1457,268,43
"경상북도","경주시",감포읍,소계,총인구수 (명),5253,36,65,89,647,495,409,397,193,61,17,4
"경상북도","경주시",감포읍,소계,남자인구수 (명),2623,23,35,44,298,238,157,134,54,16,2,1
"경상북도","경주시",감포읍,소계,여자인구수 (명),2630,13,30,45,349,257,252,263,139,45,15,3
"경상북도","경주시",안강읍,소계,총인구수 (명),23199,228,523,812,2225,1706,1287,1179,667,212,33,8
"경상북도","경주시",안강읍,소계,남자인구수 (명),11496,121,283,405,1089,787,578,410,201,35,6,3
"경상북도","경주시",안강읍,소계,여자인구수 (명),11703,107,240,407,1136,919,709,769,466,177,27,5
"경상북도","경주시",건천읍,소계,총인구수 (명),9001,94,163,226,1042,888,648,579,327,120,22,5
"경상북도","경주시",건천읍,소계,남자인구수 (명),4560,46,85,127,514,437,286,192,105,28,2,1
"경상북도","경주시",건천읍,소계,여자인구수 (명),4441,48,78,99,528,451,362,387,222,92,20,4
"경상북도","경주시",외동읍,소계,총인구수 (명),21850,666,631,562,1988,1343,866,748,477,179,29,6
"경상북도","경주시",외동읍,소계,남자인구수 (명),11521,343,325,292,1018,671,412,247,104,35,5,1
"경상북도","경주시",외동읍,소계,여자인구수 (명),10329,323,306,270,970,672,454,501,373,144,24,5
"경상북도","경주시",문무대왕면,소계,총인구수 (명),4157,116,61,58,439,338,259,287,156,67,7,1
"경상북도","경주시",문무대왕면,소계,남자인구수 (명),2175,59,34,33,223,166,130,83,31,13,1,1
"경상북도","경주시",문무대왕면,소계,여자인구수 (명),1982,57,27,25,216,172,129,204,125,54,6,0
"경상북도","경주시",양남면,소계,총인구수 (명),6381,79,156,169,743,459,314,301,161,65,19,2
"경상북도","경주시",양남면,소계,남자인구수 (명),3392,38,81,87,388,221,148,115,45,16,2,0
"경상북도","경주시",양남면,소계,여자인구수 (명),2989,41,75,82,355,238,166,186,116,49,17,2
"경상북도","경주시",내남면,소계,총인구수 (명),4534,23,44,80,608,495,330,360,242,87,15,1
"경상북도","경주시",내남면,소계,남자인구수 (명),2300,13,28,37,309,250,158,133,67,17,2,0
"경상북도","경주시",내남면,소계,여자인구수 (명),2234,10,16,43,299,245,172,227,175,70,13,1
"경상북도","경주시",산내면,소계,총인구수 (명),3218,18,21,37,549,391,288,272,162,50,10,1
"경상북도","경주시",산내면,소계,남자인구수 (명),1602,10,12,22,307,197,143,111,43,13,3,0
"경상북도","경주시",산내면,소계,여자인구수 (명),1616,8,9,15,242,194,145,161,119,37,7,1
"경상북도","경주시",서면,소계,총인구수 (명),3031,19,26,56,390,349,293,271,146,60,1,0
"경상북도","경주시",서면,소계,남자인구수 (명),1533,8,12,33,204,152,132,109,41,14,0,0
"경상북도","경주시",서면,소계,여자인구수 (명),1498,11,14,23,186,197,161,162,105,46,1,0
"경상북도","경주시",현곡면,소계,총인구수 (명),21282,853,1188,1180,1224,789,504,439,258,81,16,3
"경상북도","경주시",현곡면,소계,남자인구수 (명),10435,454,607,605,589,394,228,158,61,11,0,0
"경상북도","경주시",현곡면,소계,여자인구수 (명),10847,399,581,575,635,395,276,281,197,70,16,3
"경상북도","경주시",강동면,소계,총인구수 (명),6056,45,87,137,710,532,410,378,218,85,15,1
"경상북도","경주시",강동면,소계,남자인구수 (명),3104,22,41,58,377,252,190,128,62,17,4,0
"경상북도","경주시",강동면,소계,여자인구수 (명),2952,23,46,79,333,280,220,250,156,68,11,1
"경상북도","경주시",천북면,소계,총인구수 (명),5707,112,117,144,545,436,305,300,160,60,7,1
"경상북도","경주시",천북면,소계,남자인구수 (명),2992,65,52,74,298,205,151,111,55,14,1,0
"경상북도","경주시",천북면,소계,여자인구수 (명),2715,47,65,70,247,231,154,189,105,46,6,1
"경상북도","경주시",중부동,소계,총인구수 (명),4712,57,67,114,498,445,321,280,132,50,3,0
"경상북도","경주시",중부동,소계,남자인구수 (명),2356,29,33,61,230,174,144,119,47,12,0,0
"경상북도","경주시",중부동,소계,여자인구수 (명),2356,28,34,53,268,271,177,161,85,38,3,0
"경상북도","경주시",황오동,소계,총인구수 (명),5866,53,65,114,728,559,401,381,142,64,6,3
"경상북도","경주시",황오동,소계,남자인구수 (명),2803,27,27,52,323,230,154,137,41,23,1,0
"경상북도","경주시",황오동,소계,여자인구수 (명),3063,26,38,62,405,329,247,244,101,41,5,3
"경상북도","경주시",성건동,소계,총인구수 (명),13481,140,171,284,1303,1141,793,575,267,86,11,2
"경상북도","경주시",성건동,소계,남자인구수 (명),6708,74,96,161,563,461,352,229,88,22,1,0
"경상북도","경주시",성건동,소계,여자인구수 (명),6773,66,75,123,740,680,441,346,179,64,10,2
"경상북도","경주시",황남동,소계,총인구수 (명),4034,30,36,67,461,430,301,349,192,63,12,0
"경상북도","경주시",황남동,소계,남자인구수 (명),1999,16,19,29,227,188,130,144,51,15,2,0
"경상북도","경주시",황남동,소계,여자인구수 (명),2035,14,17,38,234,242,171,205,141,48,10,0
"경상북도","경주시",선도동,소계,총인구수 (명),14444,256,592,778,893,669,449,357,230,52,17,3
"경상북도","경주시",선도동,소계,남자인구수 (명),7264,138,291,419,445,286,186,130,73,12,2,0
"경상북도","경주시",선도동,소계,여자인구수 (명),7180,118,301,359,448,383,263,227,157,40,15,3
"경상북도","경주시",월성동,소계,총인구수 (명),5610,86,169,213,575,448,338,303,175,63,12,2
"경상북도","경주시",월성동,소계,남자인구수 (명),2749,44,83,108,283,193,165,95,56,12,3,0
"경상북도","경주시",월성동,소계,여자인구수 (명),2861,42,86,105,292,255,173,208,119,51,9,2
"경상북도","경주시",용강동,소계,총인구수 (명),25457,1114,1771,1647,1173,743,429,351,213,86,16,1
"경상북도","경주시",용강동,소계,남자인구수 (명),12541,569,879,845,566,339,180,114,42,24,4,0
"경상북도","경주시",용강동,소계,여자인구수 (명),12916,545,892,802,607,404,249,237,171,62,12,1
"경상북도","경주시",황성동,소계,총인구수 (명),27456,719,1247,1661,1470,882,551,397,246,93,17,2
"경상북도","경주시",황성동,소계,남자인구수 (명),13406,364,648,835,722,426,219,151,63,16,3,0
"경상북도","경주시",황성동,소계,여자인구수 (명),14050,355,599,826,748,456,332,246,183,77,14,2
"경상북도","경주시",동천동,소계,총인구수 (명),21346,313,559,829,1690,1092,712,518,227,90,11,2
"경상북도","경주시",동천동,소계,남자인구수 (명),10673,169,286,418,804,501,305,196,61,26,2,0
"경상북도","경주시",동천동,소계,여자인구수 (명),10673,144,273,411,886,591,407,322,166,64,9,2
"경상북도","경주시",불국동,소계,총인구수 (명),9732,268,284,317,919,664,457,415,255,72,16,1
"경상북도","경주시",불국동,소계,남자인구수 (명),4855,141,132,159,444,314,209,163,58,16,4,0
"경상북도","경주시",불국동,소계,여자인구수 (명),4877,127,152,158,475,350,248,252,197,56,12,1
"경상북도","경주시",보덕동,소계,총인구수 (명),1682,20,25,34,195,150,109,98,46,22,6,1
"경상북도","경주시",보덕동,소계,남자인구수 (명),819,11,9,22,98,68,50,38,9,4,0,0
"경상북도","경주시",보덕동,소계,여자인구수 (명),863,9,16,12,97,82,59,60,37,18,6,1
"경상북도","김천시",소계,소계,총인구수 (명),137515,3590,5045,5868,11102,8415,5927,5521,3381,1201,240,43
"경상북도","김천시",소계,소계,남자인구수 (명),69082,1877,2587,3049,5479,3962,2621,1903,1027,272,53,5
"경상북도","김천시",소계,소계,여자인구수 (명),68433,1713,2458,2819,5623,4453,3306,3618,2354,929,187,38
"경상북도","김천시",아포읍,소계,총인구수 (명),7711,142,181,199,789,566,399,345,223,83,22,1
"경상북도","김천시",아포읍,소계,남자인구수 (명),3869,72,89,108,436,268,189,113,62,12,6,0
"경상북도","김천시",아포읍,소계,여자인구수 (명),3842,70,92,91,353,298,210,232,161,71,16,1
"경상북도","김천시",농소면,소계,총인구수 (명),3111,41,78,61,342,277,176,190,150,44,9,0
"경상북도","김천시",농소면,소계,남자인구수 (명),1621,20,36,32,180,123,76,74,47,14,2,0
"경상북도","김천시",농소면,소계,여자인구수 (명),1490,21,42,29,162,154,100,116,103,30,7,0
"경상북도","김천시",남면,소계,총인구수 (명),2977,28,38,44,346,290,199,235,150,70,11,2
"경상북도","김천시",남면,소계,남자인구수 (명),1533,16,24,24,187,153,87,70,47,16,2,0
"경상북도","김천시",남면,소계,여자인구수 (명),1444,12,14,20,159,137,112,165,103,54,9,2
"경상북도","김천시",개령면,소계,총인구수 (명),2297,27,21,47,292,253,167,160,105,43,8,1
"경상북도","김천시",개령면,소계,남자인구수 (명),1168,13,10,26,153,125,73,52,31,5,2,0
"경상북도","김천시",개령면,소계,여자인구수 (명),1129,14,11,21,139,128,94,108,74,38,6,1
"경상북도","김천시",감문면,소계,총인구수 (명),3176,37,20,35,418,318,252,266,200,99,15,3
"경상북도","김천시",감문면,소계,남자인구수 (명),1587,21,10,16,218,155,106,81,63,25,3,0
"경상북도","김천시",감문면,소계,여자인구수 (명),1589,16,10,19,200,163,146,185,137,74,12,3
"경상북도","김천시",어모면,소계,총인구수 (명),4028,61,72,79,452,363,291,260,172,56,11,6
"경상북도","김천시",어모면,소계,남자인구수 (명),2060,37,39,50,235,171,128,91,49,15,1,3
"경상북도","김천시",어모면,소계,여자인구수 (명),1968,24,33,29,217,192,163,169,123,41,10,3
"경상북도","김천시",봉산면,소계,총인구수 (명),2918,30,38,56,391,273,223,198,109,41,6,0
"경상북도","김천시",봉산면,소계,남자인구수 (명),1525,14,18,29,208,134,103,77,26,13,3,0
"경상북도","김천시",봉산면,소계,여자인구수 (명),1393,16,20,27,183,139,120,121,83,28,3,0
"경상북도","김천시",대항면,소계,총인구수 (명),3302,41,40,62,396,292,224,189,126,51,9,2
"경상북도","김천시",대항면,소계,남자인구수 (명),1689,19,22,38,209,144,100,60,41,12,0,0
"경상북도","김천시",대항면,소계,여자인구수 (명),1613,22,18,24,187,148,124,129,85,39,9,2
"경상북도","김천시",감천면,소계,총인구수 (명),1815,20,21,37,205,185,112,134,89,34,9,1
"경상북도","김천시",감천면,소계,남자인구수 (명),934,14,9,23,108,87,60,44,29,7,2,0
"경상북도","김천시",감천면,소계,여자인구수 (명),881,6,12,14,97,98,52,90,60,27,7,1
"경상북도","김천시",조마면,소계,총인구수 (명),2145,19,16,38,283,216,162,138,123,35,11,1
"경상북도","김천시",조마면,소계,남자인구수 (명),1081,11,8,19,145,108,82,48,34,6,4,0
"경상북도","김천시",조마면,소계,여자인구수 (명),1064,8,8,19,138,108,80,90,89,29,7,1
"경상북도","김천시",구성면,소계,총인구수 (명),2684,15,23,28,331,323,223,230,174,66,18,2
"경상북도","김천시",구성면,소계,남자인구수 (명),1336,9,12,17,199,153,108,80,32,13,3,1
"경상북도","김천시",구성면,소계,여자인구수 (명),1348,6,11,11,132,170,115,150,142,53,15,1
"경상북도","김천시",지례면,소계,총인구수 (명),1443,16,9,21,198,151,132,160,82,35,11,1
"경상북도","김천시",지례면,소계,남자인구수 (명),727,4,6,12,111,77,49,54,21,9,3,1
"경상북도","김천시",지례면,소계,여자인구수 (명),716,12,3,9,87,74,83,106,61,26,8,0
"경상북도","김천시",부항면,소계,총인구수 (명),1227,8,5,19,174,131,93,122,77,21,2,1
"경상북도","김천시",부항면,소계,남자인구수 (명),616,3,4,12,97,72,37,34,18,5,1,0
"경상북도","김천시",부항면,소계,여자인구수 (명),611,5,1,7,77,59,56,88,59,16,1,1
"경상북도","김천시",대덕면,소계,총인구수 (명),2203,16,21,109,257,192,166,181,122,48,5,2
"경상북도","김천시",대덕면,소계,남자인구수 (명),1089,8,10,56,142,93,73,71,33,12,1,0
"경상북도","김천시",대덕면,소계,여자인구수 (명),1114,8,11,53,115,99,93,110,89,36,4,2
"경상북도","김천시",증산면,소계,총인구수 (명),972,6,5,7,147,110,70,72,72,15,3,1
"경상북도","김천시",증산면,소계,남자인구수 (명),471,5,2,4,75,59,28,23,22,3,0,0
"경상북도","김천시",증산면,소계,여자인구수 (명),501,1,3,3,72,51,42,49,50,12,3,1
"경상북도","김천시",자산동,소계,총인구수 (명),6181,66,93,144,751,608,413,365,173,46,11,0
"경상북도","김천시",자산동,소계,남자인구수 (명),3114,37,50,72,346,275,183,145,61,11,2,0
"경상북도","김천시",자산동,소계,여자인구수 (명),3067,29,43,72,405,333,230,220,112,35,9,0
"경상북도","김천시",평화남산동,소계,총인구수 (명),7131,66,90,172,771,631,469,402,247,60,20,3
"경상북도","김천시",평화남산동,소계,남자인구수 (명),3489,35,48,100,310,288,182,136,87,17,2,0
"경상북도","김천시",평화남산동,소계,여자인구수 (명),3642,31,42,72,461,343,287,266,160,43,18,3
"경상북도","김천시",양금동,소계,총인구수 (명),3650,38,57,101,442,369,297,277,132,46,8,4
"경상북도","김천시",양금동,소계,남자인구수 (명),1778,20,33,58,197,164,122,102,57,11,5,0
"경상북도","김천시",양금동,소계,여자인구수 (명),1872,18,24,43,245,205,175,175,75,35,3,4
"경상북도","김천시",대신동,소계,총인구수 (명),24456,606,980,1328,1328,980,625,593,314,124,10,5
"경상북도","김천시",대신동,소계,남자인구수 (명),12091,317,467,698,633,442,281,192,104,24,5,0
"경상북도","김천시",대신동,소계,여자인구수 (명),12365,289,513,630,695,538,344,401,210,100,5,5
"경상북도","김천시",대곡동,소계,총인구수 (명),19631,454,711,873,1529,1114,723,614,343,109,21,5
"경상북도","김천시",대곡동,소계,남자인구수 (명),9880,225,346,461,694,508,327,228,107,24,3,0
"경상북도","김천시",대곡동,소계,여자인구수 (명),9751,229,365,412,835,606,396,386,236,85,18,5
"경상북도","김천시",지좌동,소계,총인구수 (명),10830,344,353,482,703,496,332,269,122,45,13,1
"경상북도","김천시",지좌동,소계,남자인구수 (명),5558,193,189,251,329,228,144,93,36,11,2,0
"경상북도","김천시",지좌동,소계,여자인구수 (명),5272,151,164,231,374,268,188,176,86,34,11,1
"경상북도","김천시",율곡동,소계,총인구수 (명),23627,1509,2173,1926,557,277,179,121,76,30,7,1
"경상북도","김천시",율곡동,소계,남자인구수 (명),11866,784,1155,943,267,135,83,35,20,7,1,0
"경상북도","김천시",율곡동,소계,여자인구수 (명),11761,725,1018,983,290,142,96,86,56,23,6,1
"경상북도","안동시",소계,소계,총인구수 (명),152935,3371,5089,6375,12722,9806,7318,6984,3866,1376,301,35
"경상북도","안동시",소계,소계,남자인구수 (명),75538,1728,2644,3391,6279,4489,3231,2624,1163,308,47,4
"경상북도","안동시",소계,소계,여자인구수 (명),77397,1643,2445,2984,6443,5317,4087,4360,2703,1068,254,31
"경상북도","안동시",풍산읍,소계,총인구수 (명),6077,46,84,128,728,625,507,480,311,123,24,5
"경상북도","안동시",풍산읍,소계,남자인구수 (명),3069,20,42,70,382,298,232,176,97,24,4,0
"경상북도","안동시",풍산읍,소계,여자인구수 (명),3008,26,42,58,346,327,275,304,214,99,20,5
"경상북도","안동시",와룡면,소계,총인구수 (명),3882,29,30,69,524,393,316,347,224,80,17,1
"경상북도","안동시",와룡면,소계,남자인구수 (명),2005,20,19,35,291,192,142,135,81,18,1,0
"경상북도","안동시",와룡면,소계,여자인구수 (명),1877,9,11,34,233,201,174,212,143,62,16,1
"경상북도","안동시",북후면,소계,총인구수 (명),2790,16,26,32,324,260,230,279,176,55,24,1
"경상북도","안동시",북후면,소계,남자인구수 (명),1457,7,15,17,182,120,106,109,60,12,3,0
"경상북도","안동시",북후면,소계,여자인구수 (명),1333,9,11,15,142,140,124,170,116,43,21,1
"경상북도","안동시",서후면,소계,총인구수 (명),3464,26,30,54,408,349,231,245,159,77,24,3
"경상북도","안동시",서후면,소계,남자인구수 (명),1825,18,11,31,219,161,110,100,50,16,3,0
"경상북도","안동시",서후면,소계,여자인구수 (명),1639,8,19,23,189,188,121,145,109,61,21,3
"경상북도","안동시",풍천면,소계,총인구수 (명),7174,289,222,197,506,406,314,331,197,78,13,1
"경상북도","안동시",풍천면,소계,남자인구수 (명),3677,150,115,101,255,199,153,120,62,17,6,0
"경상북도","안동시",풍천면,소계,여자인구수 (명),3497,139,107,96,251,207,161,211,135,61,7,1
"경상북도","안동시",일직면,소계,총인구수 (명),2478,17,21,45,292,306,237,231,163,49,13,1
"경상북도","안동시",일직면,소계,남자인구수 (명),1205,7,9,26,138,138,106,85,48,6,1,0
"경상북도","안동시",일직면,소계,여자인구수 (명),1273,10,12,19,154,168,131,146,115,43,12,1
"경상북도","안동시",남후면,소계,총인구수 (명),1627,14,18,19,199,176,166,166,127,36,13,0
"경상북도","안동시",남후면,소계,남자인구수 (명),820,8,8,12,96,91,64,68,40,8,1,0
"경상북도","안동시",남후면,소계,여자인구수 (명),807,6,10,7,103,85,102,98,87,28,12,0
"경상북도","안동시",남선면,소계,총인구수 (명),1996,20,27,25,253,183,146,153,86,27,4,1
"경상북도","안동시",남선면,소계,남자인구수 (명),1027,12,15,13,136,92,66,59,21,4,0,1
"경상북도","안동시",남선면,소계,여자인구수 (명),969,8,12,12,117,91,80,94,65,23,4,0
"경상북도","안동시",임하면,소계,총인구수 (명),2645,21,17,42,375,266,208,223,135,70,6,1
"경상북도","안동시",임하면,소계,남자인구수 (명),1392,16,6,17,202,147,94,86,35,18,1,0
"경상북도","안동시",임하면,소계,여자인구수 (명),1253,5,11,25,173,119,114,137,100,52,5,1
"경상북도","안동시",길안면,소계,총인구수 (명),2578,13,16,32,368,278,231,274,137,43,7,3
"경상북도","안동시",길안면,소계,남자인구수 (명),1317,4,7,13,214,143,87,95,46,14,0,0
"경상북도","안동시",길안면,소계,여자인구수 (명),1261,9,9,19,154,135,144,179,91,29,7,3
"경상북도","안동시",임동면,소계,총인구수 (명),1655,9,13,20,238,173,149,175,98,25,2,0
"경상북도","안동시",임동면,소계,남자인구수 (명),862,7,10,10,142,89,65,64,30,10,0,0
"경상북도","안동시",임동면,소계,여자인구수 (명),793,2,3,10,96,84,84,111,68,15,2,0
"경상북도","안동시",예안면,소계,총인구수 (명),1712,6,9,18,251,190,143,187,88,26,7,0
"경상북도","안동시",예안면,소계,남자인구수 (명),879,2,6,15,130,100,66,75,25,5,0,0
"경상북도","안동시",예안면,소계,여자인구수 (명),833,4,3,3,121,90,77,112,63,21,7,0
"경상북도","안동시",도산면,소계,총인구수 (명),1446,4,6,17,221,171,135,157,77,29,4,1
"경상북도","안동시",도산면,소계,남자인구수 (명),767,2,3,12,115,87,66,63,28,9,1,0
"경상북도","안동시",도산면,소계,여자인구수 (명),679,2,3,5,106,84,69,94,49,20,3,1
"경상북도","안동시",녹전면,소계,총인구수 (명),1633,7,13,23,239,180,165,148,109,27,9,1
"경상북도","안동시",녹전면,소계,남자인구수 (명),846,3,8,11,138,95,86,52,27,9,2,1
"경상북도","안동시",녹전면,소계,여자인구수 (명),787,4,5,12,101,85,79,96,82,18,7,0
"경상북도","안동시",중구동,소계,총인구수 (명),4826,80,89,140,429,385,334,284,119,42,11,1
"경상북도","안동시",중구동,소계,남자인구수 (명),2371,39,50,80,184,172,139,123,33,12,0,0
"경상북도","안동시",중구동,소계,여자인구수 (명),2455,41,39,60,245,213,195,161,86,30,11,1
"경상북도","안동시",명륜동,소계,총인구수 (명),4674,73,121,181,425,303,237,257,88,36,5,1
"경상북도","안동시",명륜동,소계,남자인구수 (명),2234,40,61,97,194,137,92,98,25,5,2,0
"경상북도","안동시",명륜동,소계,여자인구수 (명),2440,33,60,84,231,166,145,159,63,31,3,1
"경상북도","안동시",용상동,소계,총인구수 (명),22944,686,1046,1182,1343,1069,723,642,331,130,13,0
"경상북도","안동시",용상동,소계,남자인구수 (명),11366,329,531,652,625,465,308,224,91,31,2,0
"경상북도","안동시",용상동,소계,여자인구수 (명),11578,357,515,530,718,604,415,418,240,99,11,0
"경상북도","안동시",서구동,소계,총인구수 (명),8393,114,316,425,749,593,451,400,200,71,18,2
"경상북도","안동시",서구동,소계,남자인구수 (명),4005,58,170,213,321,259,192,163,62,23,5,0
"경상북도","안동시",서구동,소계,여자인구수 (명),4388,56,146,212,428,334,259,237,138,48,13,2
"경상북도","안동시",태화동,소계,총인구수 (명),12359,292,411,446,1045,846,614,522,244,66,18,3
"경상북도","안동시",태화동,소계,남자인구수 (명),6108,146,211,234,495,382,277,199,83,14,4,0
"경상북도","안동시",태화동,소계,여자인구수 (명),6251,146,200,212,550,464,337,323,161,52,14,3
"경상북도","안동시",평화동,소계,총인구수 (명),5963,82,181,243,567,468,336,275,122,43,14,1
"경상북도","안동시",평화동,소계,남자인구수 (명),2874,38,88,130,251,203,160,109,43,13,3,1
"경상북도","안동시",평화동,소계,여자인구수 (명),3089,44,93,113,316,265,176,166,79,30,11,0
"경상북도","안동시",안기동,소계,총인구수 (명),5969,103,142,236,513,438,287,218,114,32,4,1
"경상북도","안동시",안기동,소계,남자인구수 (명),2959,49,78,132,258,192,139,91,40,6,1,0
"경상북도","안동시",안기동,소계,여자인구수 (명),3010,54,64,104,255,246,148,127,74,26,3,1
"경상북도","안동시",옥동,소계,총인구수 (명),20587,545,960,1277,1266,824,530,481,269,88,21,2
"경상북도","안동시",옥동,소계,남자인구수 (명),9717,293,490,666,573,332,200,157,61,18,2,1
"경상북도","안동시",옥동,소계,여자인구수 (명),10870,252,470,611,693,492,330,324,208,70,19,1
"경상북도","안동시",송하동,소계,총인구수 (명),15614,519,761,821,971,582,400,330,202,75,23,3
"경상북도","안동시",송하동,소계,남자인구수 (명),7614,276,415,442,486,249,169,108,49,12,4,0
"경상북도","안동시",송하동,소계,여자인구수 (명),8000,243,346,379,485,333,231,222,153,63,19,3
"경상북도","안동시",강남동,소계,총인구수 (명),10449,360,530,703,488,342,228,179,90,48,7,2
"경상북도","안동시",강남동,소계,남자인구수 (명),5142,184,276,362,252,146,112,65,26,4,1,0
"경상북도","안동시",강남동,소계,여자인구수 (명),5307,176,254,341,236,196,116,114,64,44,6,2
"경상북도","구미시",소계,소계,총인구수 (명),405506,12081,20493,22696,19053,11408,7065,6037,3300,1146,248,41
"경상북도","구미시",소계,소계,남자인구수 (명),209131,6198,10484,11853,9768,5449,3112,2088,914,232,42,2
"경상북도","구미시",소계,소계,여자인구수 (명),196375,5883,10009,10843,9285,5959,3953,3949,2386,914,206,39
"경상북도","구미시",선산읍,소계,총인구수 (명),13996,223,440,521,1308,938,663,603,383,170,25,11
"경상북도","구미시",선산읍,소계,남자인구수 (명),6918,117,222,265,678,453,288,220,100,30,3,0
"경상북도","구미시",선산읍,소계,여자인구수 (명),7078,106,218,256,630,485,375,383,283,140,22,11
"경상북도","구미시",고아읍,소계,총인구수 (명),37953,1199,1976,1977,2170,1141,696,697,415,162,38,6
"경상북도","구미시",고아읍,소계,남자인구수 (명),19041,611,1023,1041,1191,572,294,224,106,28,5,1
"경상북도","구미시",고아읍,소계,여자인구수 (명),18912,588,953,936,979,569,402,473,309,134,33,5
"경상북도","구미시",산동읍,소계,총인구수 (명),26877,2140,2936,2164,484,283,166,161,120,39,8,1
"경상북도","구미시",산동읍,소계,남자인구수 (명),13965,1084,1477,1105,267,144,77,50,31,10,1,0
"경상북도","구미시",산동읍,소계,여자인구수 (명),12912,1056,1459,1059,217,139,89,111,89,29,7,1
"경상북도","구미시",무을면,소계,총인구수 (명),1796,7,26,18,244,200,129,162,98,47,14,1
"경상북도","구미시",무을면,소계,남자인구수 (명),913,5,13,12,139,98,60,52,28,7,4,0
"경상북도","구미시",무을면,소계,여자인구수 (명),883,2,13,6,105,102,69,110,70,40,10,1
"경상북도","구미시",옥성면,소계,총인구수 (명),1651,7,11,13,247,173,117,153,100,33,6,1
"경상북도","구미시",옥성면,소계,남자인구수 (명),853,3,6,6,123,87,57,57,28,6,2,0
"경상북도","구미시",옥성면,소계,여자인구수 (명),798,4,5,7,124,86,60,96,72,27,4,1
"경상북도","구미시",도개면,소계,총인구수 (명),2085,10,17,32,264,199,152,212,117,50,6,0
"경상북도","구미시",도개면,소계,남자인구수 (명),1066,4,8,17,136,79,82,70,31,15,2,0
"경상북도","구미시",도개면,소계,여자인구수 (명),1019,6,9,15,128,120,70,142,86,35,4,0
"경상북도","구미시",해평면,소계,총인구수 (명),3758,9,35,44,440,382,282,304,196,51,10,1
"경상북도","구미시",해평면,소계,남자인구수 (명),1994,6,16,26,232,202,122,92,62,15,5,0
"경상북도","구미시",해평면,소계,여자인구수 (명),1764,3,19,18,208,180,160,212,134,36,5,1
"경상북도","구미시",장천면,소계,총인구수 (명),2840,16,28,72,310,284,192,204,111,42,8,3
"경상북도","구미시",장천면,소계,남자인구수 (명),1469,10,22,36,168,144,90,74,33,7,1,0
"경상북도","구미시",장천면,소계,여자인구수 (명),1371,6,6,36,142,140,102,130,78,35,7,3
"경상북도","구미시",송정동,소계,총인구수 (명),23061,516,882,1034,1528,993,522,369,166,39,13,1
"경상북도","구미시",송정동,소계,남자인구수 (명),11306,264,432,519,703,487,253,149,51,9,1,0
"경상북도","구미시",송정동,소계,여자인구수 (명),11755,252,450,515,825,506,269,220,115,30,12,1
"경상북도","구미시",원평동,소계,총인구수 (명),7521,199,203,152,609,416,265,202,110,36,10,0
"경상북도","구미시",원평동,소계,남자인구수 (명),4083,105,98,67,316,205,119,88,25,8,1,0
"경상북도","구미시",원평동,소계,여자인구수 (명),3438,94,105,85,293,211,146,114,85,28,9,0
"경상북도","구미시",도량동,소계,총인구수 (명),27760,577,1224,1455,1778,977,554,463,232,75,13,0
"경상북도","구미시",도량동,소계,남자인구수 (명),13455,298,647,723,894,454,235,151,75,15,3,0
"경상북도","구미시",도량동,소계,여자인구수 (명),14305,279,577,732,884,523,319,312,157,60,10,0
"경상북도","구미시",지산동,소계,총인구수 (명),1934,11,34,37,241,170,112,80,41,11,4,3
"경상북도","구미시",지산동,소계,남자인구수 (명),995,4,14,19,125,82,54,29,11,2,0,0
"경상북도","구미시",지산동,소계,여자인구수 (명),939,7,20,18,116,88,58,51,30,9,4,3
"경상북도","구미시",선주원남동,소계,총인구수 (명),38023,830,1926,2394,1833,950,530,427,193,74,18,2
"경상북도","구미시",선주원남동,소계,남자인구수 (명),19354,440,978,1293,977,475,229,142,67,16,1,1
"경상북도","구미시",선주원남동,소계,여자인구수 (명),18669,390,948,1101,856,475,301,285,126,58,17,1
"경상북도","구미시",형곡1동,소계,총인구수 (명),13195,252,482,675,848,528,308,206,103,26,5,1
"경상북도","구미시",형곡1동,소계,남자인구수 (명),6520,123,251,370,419,253,153,72,29,8,0,0
"경상북도","구미시",형곡1동,소계,여자인구수 (명),6675,129,231,305,429,275,155,134,74,18,5,1
"경상북도","구미시",형곡2동,소계,총인구수 (명),15994,193,461,653,1042,536,303,224,105,35,6,1
"경상북도","구미시",형곡2동,소계,남자인구수 (명),7912,100,232,353,525,268,127,75,22,7,0,0
"경상북도","구미시",형곡2동,소계,여자인구수 (명),8082,93,229,300,517,268,176,149,83,28,6,1
"경상북도","구미시",신평1동,소계,총인구수 (명),4562,136,92,101,262,186,120,85,35,10,4,0
"경상북도","구미시",신평1동,소계,남자인구수 (명),2566,72,48,58,135,79,48,35,13,1,0,0
"경상북도","구미시",신평1동,소계,여자인구수 (명),1996,64,44,43,127,107,72,50,22,9,4,0
"경상북도","구미시",신평2동,소계,총인구수 (명),2990,122,129,90,160,116,76,65,38,9,1,1
"경상북도","구미시",신평2동,소계,남자인구수 (명),1581,58,66,51,80,55,31,21,11,2,0,0
"경상북도","구미시",신평2동,소계,여자인구수 (명),1409,64,63,39,80,61,45,44,27,7,1,1
"경상북도","구미시",비산동,소계,총인구수 (명),12874,720,776,634,415,193,135,87,47,20,5,0
"경상북도","구미시",비산동,소계,남자인구수 (명),6754,343,417,335,204,99,64,34,12,2,1,0
"경상북도","구미시",비산동,소계,여자인구수 (명),6120,377,359,299,211,94,71,53,35,18,4,0
"경상북도","구미시",광평동,소계,총인구수 (명),4146,78,118,164,228,144,109,68,27,8,2,1
"경상북도","구미시",광평동,소계,남자인구수 (명),2281,48,53,95,123,58,51,33,10,1,1,0
"경상북도","구미시",광평동,소계,여자인구수 (명),1865,30,65,69,105,86,58,35,17,7,1,1
"경상북도","구미시",상모사곡동,소계,총인구수 (명),30187,851,1419,1614,955,531,322,258,128,33,10,1
"경상북도","구미시",상모사곡동,소계,남자인구수 (명),15874,452,712,803,513,246,135,90,36,9,5,0
"경상북도","구미시",상모사곡동,소계,여자인구수 (명),14313,399,707,811,442,285,187,168,92,24,5,1
"경상북도","구미시",임오동,소계,총인구수 (명),18108,550,1076,1280,542,290,170,146,81,21,6,1
"경상북도","구미시",임오동,소계,남자인구수 (명),9463,279,550,679,289,130,68,45,25,3,0,0
"경상북도","구미시",임오동,소계,여자인구수 (명),8645,271,526,601,253,160,102,101,56,18,6,1
"경상북도","구미시",인동동,소계,총인구수 (명),47051,1177,2158,3014,1686,920,612,466,232,74,21,3
"경상북도","구미시",인동동,소계,남자인구수 (명),24678,608,1150,1607,823,404,237,163,48,16,5,0
"경상북도","구미시",인동동,소계,여자인구수 (명),22373,569,1008,1407,863,516,375,303,184,58,16,3
"경상북도","구미시",진미동,소계,총인구수 (명),16917,293,434,484,394,246,138,91,56,21,3,0
"경상북도","구미시",진미동,소계,남자인구수 (명),9504,154,204,251,183,113,66,28,16,4,0,0
"경상북도","구미시",진미동,소계,여자인구수 (명),7413,139,230,233,211,133,72,63,40,17,3,0
"경상북도","구미시",양포동,소계,총인구수 (명),46000,1734,3350,3914,899,540,357,287,160,56,12,2
"경상북도","구미시",양포동,소계,남자인구수 (명),24249,899,1706,2030,444,228,150,90,42,10,1,0
"경상북도","구미시",양포동,소계,여자인구수 (명),21751,835,1644,1884,455,312,207,197,118,46,11,2
"경상북도","구미시",공단동,소계,총인구수 (명),4227,231,260,160,166,72,35,17,6,4,0,0
"경상북도","구미시",공단동,소계,남자인구수 (명),2337,111,139,92,81,34,22,4,2,1,0,0
"경상북도","구미시",공단동,소계,여자인구수 (명),1890,120,121,68,85,38,13,13,4,3,0,0
"경상북도","영주시",소계,소계,총인구수 (명),100199,1808,3093,4071,9210,7184,5139,4944,2764,972,209,32
"경상북도","영주시",소계,소계,남자인구수 (명),49730,927,1617,2095,4474,3308,2292,1856,900,221,39,6
"경상북도","영주시",소계,소계,여자인구수 (명),50469,881,1476,1976,4736,3876,2847,3088,1864,751,170,26
"경상북도","영주시",풍기읍,소계,총인구수 (명),10515,123,225,315,1150,899,611,625,319,113,39,6
"경상북도","영주시",풍기읍,소계,남자인구수 (명),5325,66,110,177,578,422,261,233,110,32,7,1
"경상북도","영주시",풍기읍,소계,여자인구수 (명),5190,57,115,138,572,477,350,392,209,81,32,5
"경상북도","영주시",이산면,소계,총인구수 (명),2193,9,21,49,264,195,156,155,125,46,8,0
"경상북도","영주시",이산면,소계,남자인구수 (명),1127,2,14,27,154,94,77,56,41,11,2,0
"경상북도","영주시",이산면,소계,여자인구수 (명),1066,7,7,22,110,101,79,99,84,35,6,0
"경상북도","영주시",평은면,소계,총인구수 (명),1405,4,9,21,188,167,117,141,82,35,8,2
"경상북도","영주시",평은면,소계,남자인구수 (명),722,3,6,7,97,79,58,57,29,11,1,2
"경상북도","영주시",평은면,소계,여자인구수 (명),683,1,3,14,91,88,59,84,53,24,7,0
"경상북도","영주시",문수면,소계,총인구수 (명),1919,21,29,41,236,187,132,156,101,48,14,3
"경상북도","영주시",문수면,소계,남자인구수 (명),984,11,17,18,132,95,64,58,29,12,3,0
"경상북도","영주시",문수면,소계,여자인구수 (명),935,10,12,23,104,92,68,98,72,36,11,3
"경상북도","영주시",장수면,소계,총인구수 (명),2078,15,29,31,266,200,161,193,98,56,11,4
"경상북도","영주시",장수면,소계,남자인구수 (명),1064,9,17,18,152,105,74,69,38,10,1,0
"경상북도","영주시",장수면,소계,여자인구수 (명),1014,6,12,13,114,95,87,124,60,46,10,4
"경상북도","영주시",안정면,소계,총인구수 (명),2846,28,39,56,375,300,227,243,169,63,12,2
"경상북도","영주시",안정면,소계,남자인구수 (명),1430,14,22,31,199,146,102,88,55,14,2,0
"경상북도","영주시",안정면,소계,여자인구수 (명),1416,14,17,25,176,154,125,155,114,49,10,2
"경상북도","영주시",봉현면,소계,총인구수 (명),2566,18,32,53,354,284,197,169,102,42,13,2
"경상북도","영주시",봉현면,소계,남자인구수 (명),1295,8,14,26,186,132,101,75,33,10,4,1
"경상북도","영주시",봉현면,소계,여자인구수 (명),1271,10,18,27,168,152,96,94,69,32,9,1
"경상북도","영주시",순흥면,소계,총인구수 (명),1878,9,14,27,281,222,139,167,96,27,9,1
"경상북도","영주시",순흥면,소계,남자인구수 (명),953,4,8,17,133,123,59,69,30,8,1,1
"경상북도","영주시",순흥면,소계,여자인구수 (명),925,5,6,10,148,99,80,98,66,19,8,0
"경상북도","영주시",단산면,소계,총인구수 (명),1762,4,11,25,245,214,138,170,98,36,5,1
"경상북도","영주시",단산면,소계,남자인구수 (명),865,1,6,16,140,98,66,56,21,3,1,0
"경상북도","영주시",단산면,소계,여자인구수 (명),897,3,5,9,105,116,72,114,77,33,4,1
"경상북도","영주시",부석면,소계,총인구수 (명),2846,20,26,30,419,318,256,250,157,39,11,1
"경상북도","영주시",부석면,소계,남자인구수 (명),1415,8,16,16,207,154,131,87,45,13,2,0
"경상북도","영주시",부석면,소계,여자인구수 (명),1431,12,10,14,212,164,125,163,112,26,9,1
"경상북도","영주시",상망동,소계,총인구수 (명),7201,119,235,366,577,450,333,334,173,57,16,4
"경상북도","영주시",상망동,소계,남자인구수 (명),3573,59,113,194,276,215,146,125,61,8,2,0
"경상북도","영주시",상망동,소계,여자인구수 (명),3628,60,122,172,301,235,187,209,112,49,14,4
"경상북도","영주시",하망동,소계,총인구수 (명),5825,98,181,252,505,427,312,282,141,56,9,1
"경상북도","영주시",하망동,소계,남자인구수 (명),2787,49,102,130,230,175,127,93,46,11,1,1
"경상북도","영주시",하망동,소계,여자인구수 (명),3038,49,79,122,275,252,185,189,95,45,8,0
"경상북도","영주시",영주1동,소계,총인구수 (명),3638,34,86,96,404,330,275,235,118,35,6,1
"경상북도","영주시",영주1동,소계,남자인구수 (명),1792,20,52,51,186,140,107,103,33,14,3,0
"경상북도","영주시",영주1동,소계,여자인구수 (명),1846,14,34,45,218,190,168,132,85,21,3,1
"경상북도","영주시",영주2동,소계,총인구수 (명),4617,48,96,142,555,437,321,310,147,54,7,0
"경상북도","영주시",영주2동,소계,남자인구수 (명),2207,27,56,82,241,194,131,127,55,16,1,0
"경상북도","영주시",영주2동,소계,여자인구수 (명),2410,21,40,60,314,243,190,183,92,38,6,0
"경상북도","영주시",휴천1동,소계,총인구수 (명),6283,134,233,354,417,391,238,201,131,31,5,1
"경상북도","영주시",휴천1동,소계,남자인구수 (명),3110,56,131,171,203,151,119,80,43,6,1,0
"경상북도","영주시",휴천1동,소계,여자인구수 (명),3173,78,102,183,214,240,119,121,88,25,4,1
"경상북도","영주시",휴천2동,소계,총인구수 (명),9656,139,243,325,899,716,552,454,258,65,8,2
"경상북도","영주시",휴천2동,소계,남자인구수 (명),4757,69,117,158,393,315,255,180,103,12,2,0
"경상북도","영주시",휴천2동,소계,여자인구수 (명),4899,70,126,167,506,401,297,274,155,53,6,2
"경상북도","영주시",휴천3동,소계,총인구수 (명),7283,126,212,282,687,507,353,310,137,54,10,1
"경상북도","영주시",휴천3동,소계,남자인구수 (명),3547,65,93,149,305,239,170,115,51,10,2,0
"경상북도","영주시",휴천3동,소계,여자인구수 (명),3736,61,119,133,382,268,183,195,86,44,8,1
"경상북도","영주시",가흥1동,소계,총인구수 (명),15448,543,966,1063,660,494,289,254,130,44,5,0
"경상북도","영주시",가흥1동,소계,남자인구수 (명),7777,286,516,536,299,228,114,87,27,8,2,0
"경상북도","영주시",가흥1동,소계,여자인구수 (명),7671,257,450,527,361,266,175,167,103,36,3,0
"경상북도","영주시",가흥2동,소계,총인구수 (명),10240,316,406,543,728,446,332,295,182,71,13,0
"경상북도","영주시",가흥2동,소계,남자인구수 (명),5000,170,207,271,363,203,130,98,50,12,1,0
"경상북도","영주시",가흥2동,소계,여자인구수 (명),5240,146,199,272,365,243,202,197,132,59,12,0
"경상북도","영천시",소계,소계,총인구수 (명),100212,2384,2591,3005,9572,7729,5467,5094,2806,950,149,15
"경상북도","영천시",소계,소계,남자인구수 (명),51137,1184,1354,1559,4923,3716,2469,1803,828,216,28,1
"경상북도","영천시",소계,소계,여자인구수 (명),49075,1200,1237,1446,4649,4013,2998,3291,1978,734,121,14
"경상북도","영천시",금호읍,소계,총인구수 (명),10449,191,142,198,1185,905,703,681,319,87,20,1
"경상북도","영천시",금호읍,소계,남자인구수 (명),5545,91,75,118,614,460,321,254,109,21,5,0
"경상북도","영천시",금호읍,소계,여자인구수 (명),4904,100,67,80,571,445,382,427,210,66,15,1
"경상북도","영천시",청통면,소계,총인구수 (명),3964,55,32,36,525,443,303,273,169,52,10,1
"경상북도","영천시",청통면,소계,남자인구수 (명),2094,34,23,17,289,210,155,94,49,10,1,0
"경상북도","영천시",청통면,소계,여자인구수 (명),1870,21,9,19,236,233,148,179,120,42,9,1
"경상북도","영천시",신녕면,소계,총인구수 (명),3662,48,31,49,484,403,279,313,159,70,8,0
"경상북도","영천시",신녕면,소계,남자인구수 (명),1816,22,21,25,251,188,118,110,51,12,2,0
"경상북도","영천시",신녕면,소계,여자인구수 (명),1846,26,10,24,233,215,161,203,108,58,6,0
"경상북도","영천시",화산면,소계,총인구수 (명),3058,36,24,33,416,341,253,288,160,53,5,1
"경상북도","영천시",화산면,소계,남자인구수 (명),1605,15,14,18,238,176,115,92,48,10,1,0
"경상북도","영천시",화산면,소계,여자인구수 (명),1453,21,10,15,178,165,138,196,112,43,4,1
"경상북도","영천시",화북면,소계,총인구수 (명),2216,29,16,50,284,267,158,168,104,49,13,2
"경상북도","영천시",화북면,소계,남자인구수 (명),1099,10,11,30,160,141,73,56,23,14,0,0
"경상북도","영천시",화북면,소계,여자인구수 (명),1117,19,5,20,124,126,85,112,81,35,13,2
"경상북도","영천시",화남면,소계,총인구수 (명),3182,46,25,32,422,388,248,239,135,49,5,2
"경상북도","영천시",화남면,소계,남자인구수 (명),1702,23,13,17,227,217,119,76,43,10,2,0
"경상북도","영천시",화남면,소계,여자인구수 (명),1480,23,12,15,195,171,129,163,92,39,3,2
"경상북도","영천시",자양면,소계,총인구수 (명),1324,9,9,18,163,117,107,90,71,22,4,0
"경상북도","영천시",자양면,소계,남자인구수 (명),689,7,5,13,103,60,55,19,24,7,1,0
"경상북도","영천시",자양면,소계,여자인구수 (명),635,2,4,5,60,57,52,71,47,15,3,0
"경상북도","영천시",임고면,소계,총인구수 (명),4133,54,41,59,501,482,381,347,204,66,10,1
"경상북도","영천시",임고면,소계,남자인구수 (명),2128,26,28,32,264,228,170,142,67,19,4,0
"경상북도","영천시",임고면,소계,여자인구수 (명),2005,28,13,27,237,254,211,205,137,47,6,1
"경상북도","영천시",고경면,소계,총인구수 (명),5687,100,113,123,625,522,393,399,207,74,5,1
"경상북도","영천시",고경면,소계,남자인구수 (명),3094,55,66,59,336,261,189,147,65,15,1,0
"경상북도","영천시",고경면,소계,여자인구수 (명),2593,45,47,64,289,261,204,252,142,59,4,1
"경상북도","영천시",북안면,소계,총인구수 (명),4398,39,26,35,570,485,386,363,222,77,11,0
"경상북도","영천시",북안면,소계,남자인구수 (명),2293,17,13,19,303,243,196,142,65,17,3,0
"경상북도","영천시",북안면,소계,여자인구수 (명),2105,22,13,16,267,242,190,221,157,60,8,0
"경상북도","영천시",대창면,소계,총인구수 (명),3022,41,23,39,428,369,205,200,121,47,6,0
"경상북도","영천시",대창면,소계,남자인구수 (명),1601,16,14,21,225,199,99,70,36,13,0,0
"경상북도","영천시",대창면,소계,여자인구수 (명),1421,25,9,18,203,170,106,130,85,34,6,0
"경상북도","영천시",동부동,소계,총인구수 (명),27252,823,1149,1262,1875,1275,826,686,396,125,24,1
"경상북도","영천시",동부동,소계,남자인구수 (명),13425,388,584,646,878,543,336,228,77,25,5,0
"경상북도","영천시",동부동,소계,여자인구수 (명),13827,435,565,616,997,732,490,458,319,100,19,1
"경상북도","영천시",중앙동,소계,총인구수 (명),9401,263,398,443,642,503,356,310,156,56,5,0
"경상북도","영천시",중앙동,소계,남자인구수 (명),4726,131,215,239,294,250,140,113,55,13,0,0
"경상북도","영천시",중앙동,소계,여자인구수 (명),4675,132,183,204,348,253,216,197,101,43,5,0
"경상북도","영천시",서부동,소계,총인구수 (명),4548,57,62,103,464,408,283,252,135,53,7,2
"경상북도","영천시",서부동,소계,남자인구수 (명),2281,38,33,36,235,185,128,88,36,11,1,0
"경상북도","영천시",서부동,소계,여자인구수 (명),2267,19,29,67,229,223,155,164,99,42,6,2
"경상북도","영천시",완산동,소계,총인구수 (명),9975,501,403,417,626,518,354,284,132,31,7,0
"경상북도","영천시",완산동,소계,남자인구수 (명),4885,263,190,205,306,215,152,104,45,7,2,0
"경상북도","영천시",완산동,소계,여자인구수 (명),5090,238,213,212,320,303,202,180,87,24,5,0
"경상북도","영천시",남부동,소계,총인구수 (명),3941,92,97,108,362,303,232,201,116,39,9,3
"경상북도","영천시",남부동,소계,남자인구수 (명),2154,48,49,64,200,140,103,68,35,12,0,1
"경상북도","영천시",남부동,소계,여자인구수 (명),1787,44,48,44,162,163,129,133,81,27,9,2
"경상북도","상주시",소계,소계,총인구수 (명),93858,1719,2563,3311,9426,7242,5372,5620,3494,1250,299,46
"경상북도","상주시",소계,소계,남자인구수 (명),46166,868,1350,1747,4677,3411,2314,1948,1001,263,41,1
"경상북도","상주시",소계,소계,여자인구수 (명),47692,851,1213,1564,4749,3831,3058,3672,2493,987,258,45
"경상북도","상주시",함창읍,소계,총인구수 (명),6199,72,122,214,683,570,418,442,271,93,21,5
"경상북도","상주시",함창읍,소계,남자인구수 (명),3006,35,64,126,350,267,161,146,77,19,4,0
"경상북도","상주시",함창읍,소계,여자인구수 (명),3193,37,58,88,333,303,257,296,194,74,17,5
"경상북도","상주시",중동면,소계,총인구수 (명),1318,9,20,25,165,157,122,124,84,25,6,0
"경상북도","상주시",중동면,소계,남자인구수 (명),648,4,16,11,85,66,57,37,21,6,0,0
"경상북도","상주시",중동면,소계,여자인구수 (명),670,5,4,14,80,91,65,87,63,19,6,0
"경상북도","상주시",사벌국면,소계,총인구수 (명),3696,40,49,67,426,382,273,362,236,88,19,1
"경상북도","상주시",사벌국면,소계,남자인구수 (명),1838,23,20,39,217,184,114,112,56,15,1,0
"경상북도","상주시",사벌국면,소계,여자인구수 (명),1858,17,29,28,209,198,159,250,180,73,18,1
"경상북도","상주시",낙동면,소계,총인구수 (명),2861,18,34,83,366,264,234,287,200,61,24,6
"경상북도","상주시",낙동면,소계,남자인구수 (명),1406,12,18,46,201,121,106,110,49,11,2,0
"경상북도","상주시",낙동면,소계,여자인구수 (명),1455,6,16,37,165,143,128,177,151,50,22,6
"경상북도","상주시",낙동면동부출장소,소계,총인구수 (명),970,16,10,19,122,89,61,86,68,16,4,1
"경상북도","상주시",낙동면동부출장소,소계,남자인구수 (명),481,9,3,9,64,36,30,26,17,5,1,0
"경상북도","상주시",낙동면동부출장소,소계,여자인구수 (명),489,7,7,10,58,53,31,60,51,11,3,1
"경상북도","상주시",청리면,소계,총인구수 (명),2487,21,23,53,306,268,203,229,167,43,22,2
"경상북도","상주시",청리면,소계,남자인구수 (명),1209,13,14,31,168,126,90,72,48,5,7,0
"경상북도","상주시",청리면,소계,여자인구수 (명),1278,8,9,22,138,142,113,157,119,38,15,2
"경상북도","상주시",공성면,소계,총인구수 (명),3889,28,42,79,542,409,309,345,202,69,13,1
"경상북도","상주시",공성면,소계,남자인구수 (명),1926,16,25,52,257,212,141,117,62,15,1,0
"경상북도","상주시",공성면,소계,여자인구수 (명),1963,12,17,27,285,197,168,228,140,54,12,1
"경상북도","상주시",외남면,소계,총인구수 (명),1556,15,15,30,204,148,113,154,90,49,10,1
"경상북도","상주시",외남면,소계,남자인구수 (명),783,7,5,14,110,76,42,50,35,11,2,0
"경상북도","상주시",외남면,소계,여자인구수 (명),773,8,10,16,94,72,71,104,55,38,8,1
"경상북도","상주시",내서면,소계,총인구수 (명),1847,20,21,33,264,183,135,155,102,37,4,0
"경상북도","상주시",내서면,소계,남자인구수 (명),956,7,12,18,147,107,59,58,35,5,2,0
"경상북도","상주시",내서면,소계,여자인구수 (명),891,13,9,15,117,76,76,97,67,32,2,0
"경상북도","상주시",모동면,소계,총인구수 (명),2560,14,51,73,345,241,170,152,111,34,5,2
"경상북도","상주시",모동면,소계,남자인구수 (명),1314,6,29,34,178,121,80,49,44,9,0,1
"경상북도","상주시",모동면,소계,여자인구수 (명),1246,8,22,39,167,120,90,103,67,25,5,1
"경상북도","상주시",모서면,소계,총인구수 (명),1628,20,16,30,223,168,109,126,84,37,7,0
"경상북도","상주시",모서면,소계,남자인구수 (명),832,10,6,18,113,96,36,36,26,11,1,0
"경상북도","상주시",모서면,소계,여자인구수 (명),796,10,10,12,110,72,73,90,58,26,6,0
"경상북도","상주시",모서면서부출장소,소계,총인구수 (명),712,10,5,11,91,61,39,57,40,15,2,0
"경상북도","상주시",모서면서부출장소,소계,남자인구수 (명),346,4,4,5,47,36,15,20,8,2,0,0
"경상북도","상주시",모서면서부출장소,소계,여자인구수 (명),366,6,1,6,44,25,24,37,32,13,2,0
"경상북도","상주시",화동면,소계,총인구수 (명),1884,18,23,41,246,181,137,141,86,30,11,1
"경상북도","상주시",화동면,소계,남자인구수 (명),946,10,12,20,125,88,61,58,23,5,1,0
"경상북도","상주시",화동면,소계,여자인구수 (명),938,8,11,21,121,93,76,83,63,25,10,1
"경상북도","상주시",화서면,소계,총인구수 (명),2929,97,110,96,316,233,173,214,119,49,9,0
"경상북도","상주시",화서면,소계,남자인구수 (명),1429,48,58,48,157,124,62,78,38,17,1,0
"경상북도","상주시",화서면,소계,여자인구수 (명),1500,49,52,48,159,109,111,136,81,32,8,0
"경상북도","상주시",화북면,소계,총인구수 (명),1135,10,17,25,145,93,69,91,47,18,7,1
"경상북도","상주시",화북면,소계,남자인구수 (명),573,6,6,12,73,42,38,37,17,5,1,0
"경상북도","상주시",화북면,소계,여자인구수 (명),562,4,11,13,72,51,31,54,30,13,6,1
"경상북도","상주시",화북면서부출장소,소계,총인구수 (명),315,2,0,2,57,27,22,33,14,8,1,0
"경상북도","상주시",화북면서부출장소,소계,남자인구수 (명),170,0,0,1,33,15,10,12,5,0,0,0
"경상북도","상주시",화북면서부출장소,소계,여자인구수 (명),145,2,0,1,24,12,12,21,9,8,1,0
"경상북도","상주시",외서면,소계,총인구수 (명),2567,19,40,60,314,260,218,195,136,54,14,5
"경상북도","상주시",외서면,소계,남자인구수 (명),1211,6,15,33,160,116,92,62,42,10,0,0
"경상북도","상주시",외서면,소계,여자인구수 (명),1356,13,25,27,154,144,126,133,94,44,14,5
"경상북도","상주시",은척면,소계,총인구수 (명),1107,11,9,20,156,128,117,125,70,26,6,1
"경상북도","상주시",은척면,소계,남자인구수 (명),522,4,3,12,81,56,45,45,23,7,0,0
"경상북도","상주시",은척면,소계,여자인구수 (명),585,7,6,8,75,72,72,80,47,19,6,1
"경상북도","상주시",은척면북부출장소,소계,총인구수 (명),359,0,3,3,37,37,26,53,36,7,0,1
"경상북도","상주시",은척면북부출장소,소계,남자인구수 (명),186,0,1,1,22,17,15,17,10,5,0,0
"경상북도","상주시",은척면북부출장소,소계,여자인구수 (명),173,0,2,2,15,20,11,36,26,2,0,1
"경상북도","상주시",공검면,소계,총인구수 (명),2069,14,18,23,269,251,168,205,142,67,15,2
"경상북도","상주시",공검면,소계,남자인구수 (명),991,8,5,11,127,124,75,74,36,13,3,0
"경상북도","상주시",공검면,소계,여자인구수 (명),1078,6,13,12,142,127,93,131,106,54,12,2
"경상북도","상주시",이안면,소계,총인구수 (명),1975,20,30,39,227,206,180,214,132,51,12,3
"경상북도","상주시",이안면,소계,남자인구수 (명),969,10,17,25,118,95,88,71,41,11,3,0
"경상북도","상주시",이안면,소계,여자인구수 (명),1006,10,13,14,109,111,92,143,91,40,9,3
"경상북도","상주시",화남면,소계,총인구수 (명),780,15,17,16,98,78,58,56,48,15,7,1
"경상북도","상주시",화남면,소계,남자인구수 (명),388,6,8,8,59,37,29,18,11,1,0,0
"경상북도","상주시",화남면,소계,여자인구수 (명),392,9,9,8,39,41,29,38,37,14,7,1
"경상북도","상주시",남원동,소계,총인구수 (명),11365,241,434,556,878,721,495,392,202,68,15,1
"경상북도","상주시",남원동,소계,남자인구수 (명),5634,123,221,294,403,320,211,144,63,9,3,0
"경상북도","상주시",남원동,소계,여자인구수 (명),5731,118,213,262,475,401,284,248,139,59,12,1
"경상북도","상주시",북문동,소계,총인구수 (명),9241,257,389,439,764,458,317,286,166,54,12,2
"경상북도","상주시",북문동,소계,남자인구수 (명),4572,128,204,232,358,220,130,99,47,13,0,0
"경상북도","상주시",북문동,소계,여자인구수 (명),4669,129,185,207,406,238,187,187,119,41,12,2
"경상북도","상주시",계림동,소계,총인구수 (명),8883,318,395,430,616,438,345,324,198,57,16,4
"경상북도","상주시",계림동,소계,남자인구수 (명),4254,165,212,216,299,186,134,107,49,15,3,0
"경상북도","상주시",계림동,소계,여자인구수 (명),4629,153,183,214,317,252,211,217,149,42,13,4
"경상북도","상주시",동문동,소계,총인구수 (명),7595,184,263,319,622,489,363,345,177,67,11,2
"경상북도","상주시",동문동,소계,남자인구수 (명),3661,94,146,165,287,200,160,139,49,12,1,0
"경상북도","상주시",동문동,소계,여자인구수 (명),3934,90,117,154,335,289,203,206,128,55,10,2
"경상북도","상주시",동성동,소계,총인구수 (명),3331,29,71,127,334,269,212,178,109,39,9,1
"경상북도","상주시",동성동,소계,남자인구수 (명),1613,15,50,71,138,114,98,68,27,6,0,0
"경상북도","상주시",동성동,소계,여자인구수 (명),1718,14,21,56,196,155,114,110,82,33,9,1
"경상북도","상주시",신흥동,소계,총인구수 (명),8600,201,336,398,610,433,286,249,157,73,17,2
"경상북도","상주시",신흥동,소계,남자인구수 (명),4302,99,176,195,300,209,135,86,42,20,4,0
"경상북도","상주시",신흥동,소계,여자인구수 (명),4298,102,160,203,310,224,151,163,115,53,13,2
"경상북도","문경시",소계,소계,총인구수 (명),68755,1370,1871,2408,6913,5317,4008,3907,2285,746,177,33
"경상북도","문경시",소계,소계,남자인구수 (명),33775,716,951,1281,3387,2459,1722,1415,613,166,31,4
"경상북도","문경시",소계,소계,여자인구수 (명),34980,654,920,1127,3526,2858,2286,2492,1672,580,146,29
"경상북도","문경시",문경읍,소계,총인구수 (명),5692,94,97,127,649,512,444,420,213,74,13,3
"경상북도","문경시",문경읍,소계,남자인구수 (명),2706,52,46,59,297,232,185,161,64,13,4,0
"경상북도","문경시",문경읍,소계,여자인구수 (명),2986,42,51,68,352,280,259,259,149,61,9,3
"경상북도","문경시",문경읍갈평출장소,소계,총인구수 (명),1084,7,18,26,153,108,68,79,46,16,4,0
"경상북도","문경시",문경읍갈평출장소,소계,남자인구수 (명),559,6,9,20,75,51,29,32,13,2,0,0
"경상북도","문경시",문경읍갈평출장소,소계,여자인구수 (명),525,1,9,6,78,57,39,47,33,14,4,0
"경상북도","문경시",가은읍,소계,총인구수 (명),3085,44,58,59,397,277,258,292,180,65,23,3
"경상북도","문경시",가은읍,소계,남자인구수 (명),1499,25,28,34,214,135,116,100,46,15,6,1
"경상북도","문경시",가은읍,소계,여자인구수 (명),1586,19,30,25,183,142,142,192,134,50,17,2
"경상북도","문경시",가은읍북부출장소,소계,총인구수 (명),843,3,7,16,115,66,64,72,33,13,2,1
"경상북도","문경시",가은읍북부출장소,소계,남자인구수 (명),444,3,3,7,78,32,30,29,10,1,0,0
"경상북도","문경시",가은읍북부출장소,소계,여자인구수 (명),399,0,4,9,37,34,34,43,23,12,2,1
"경상북도","문경시",영순면,소계,총인구수 (명),2324,27,26,55,316,216,162,210,139,43,15,0
"경상북도","문경시",영순면,소계,남자인구수 (명),1235,14,14,34,169,118,82,82,43,11,2,0
"경상북도","문경시",영순면,소계,여자인구수 (명),1089,13,12,21,147,98,80,128,96,32,13,0
"경상북도","문경시",산양면,소계,총인구수 (명),2983,32,36,71,375,312,228,254,164,71,17,2
"경상북도","문경시",산양면,소계,남자인구수 (명),1522,11,23,35,204,146,108,99,47,19,4,0
"경상북도","문경시",산양면,소계,여자인구수 (명),1461,21,13,36,171,166,120,155,117,52,13,2
"경상북도","문경시",호계면,소계,총인구수 (명),2341,21,19,32,272,211,158,192,109,31,7,0
"경상북도","문경시",호계면,소계,남자인구수 (명),1141,14,11,18,141,115,63,64,33,6,1,0
"경상북도","문경시",호계면,소계,여자인구수 (명),1200,7,8,14,131,96,95,128,76,25,6,0
"경상북도","문경시",산북면,소계,총인구수 (명),2653,30,28,35,338,261,237,241,182,53,18,4
"경상북도","문경시",산북면,소계,남자인구수 (명),1339,19,18,23,190,129,97,84,45,14,3,2
"경상북도","문경시",산북면,소계,여자인구수 (명),1314,11,10,12,148,132,140,157,137,39,15,2
"경상북도","문경시",동로면,소계,총인구수 (명),1958,22,46,46,293,175,138,158,86,32,5,1
"경상북도","문경시",동로면,소계,남자인구수 (명),1013,4,27,26,177,97,59,54,23,10,1,0
"경상북도","문경시",동로면,소계,여자인구수 (명),945,18,19,20,116,78,79,104,63,22,4,1
"경상북도","문경시",마성면,소계,총인구수 (명),3364,35,29,46,421,324,311,323,211,46,12,3
"경상북도","문경시",마성면,소계,남자인구수 (명),1618,15,13,27,211,137,133,91,44,12,1,0
"경상북도","문경시",마성면,소계,여자인구수 (명),1746,20,16,19,210,187,178,232,167,34,11,3
"경상북도","문경시",농암면,소계,총인구수 (명),2549,23,33,34,351,257,231,195,137,50,17,6
"경상북도","문경시",농암면,소계,남자인구수 (명),1208,12,15,19,175,132,88,67,35,8,4,1
"경상북도","문경시",농암면,소계,여자인구수 (명),1341,11,18,15,176,125,143,128,102,42,13,5
"경상북도","문경시",점촌1동,소계,총인구수 (명),5422,134,145,188,549,499,294,269,133,48,3,2
"경상북도","문경시",점촌1동,소계,남자인구수 (명),2644,71,73,120,240,223,128,109,42,11,0,0
"경상북도","문경시",점촌1동,소계,여자인구수 (명),2778,63,72,68,309,276,166,160,91,37,3,2
"경상북도","문경시",점촌2동,소계,총인구수 (명),6708,140,194,267,664,555,426,338,176,52,11,3
"경상북도","문경시",점촌2동,소계,남자인구수 (명),3229,78,88,141,290,231,183,126,49,11,0,0
"경상북도","문경시",점촌2동,소계,여자인구수 (명),3479,62,106,126,374,324,243,212,127,41,11,3
"경상북도","문경시",점촌3동,소계,총인구수 (명),8718,211,286,415,791,572,422,342,184,70,8,3
"경상북도","문경시",점촌3동,소계,남자인구수 (명),4298,99,145,213,360,242,176,128,53,21,2,0
"경상북도","문경시",점촌3동,소계,여자인구수 (명),4420,112,141,202,431,330,246,214,131,49,6,3
"경상북도","문경시",점촌4동,소계,총인구수 (명),2967,46,45,66,327,280,201,217,140,41,10,1
"경상북도","문경시",점촌4동,소계,남자인구수 (명),1496,22,26,30,162,126,92,71,31,9,0,0
"경상북도","문경시",점촌4동,소계,여자인구수 (명),1471,24,19,36,165,154,109,146,109,32,10,1
"경상북도","문경시",점촌5동,소계,총인구수 (명),16064,501,804,925,902,692,366,305,152,41,12,1
"경상북도","문경시",점촌5동,소계,남자인구수 (명),7824,271,412,475,404,313,153,118,35,3,3,0
"경상북도","문경시",점촌5동,소계,여자인구수 (명),8240,230,392,450,498,379,213,187,117,38,9,1
"경상북도","경산시",소계,소계,총인구수 (명),266205,6596,10185,11520,17613,12790,8917,7297,3890,1208,228,34
"경상북도","경산시",소계,소계,남자인구수 (명),133847,3389,5154,5871,8610,5884,3901,2768,1187,279,47,1
"경상북도","경산시",소계,소계,여자인구수 (명),132358,3207,5031,5649,9003,6906,5016,4529,2703,929,181,33
"경상북도","경산시",하양읍,소계,총인구수 (명),31415,754,1209,1505,1724,1337,1007,873,450,111,20,5
"경상북도","경산시",하양읍,소계,남자인구수 (명),15870,393,609,834,815,596,422,318,140,20,3,0
"경상북도","경산시",하양읍,소계,여자인구수 (명),15545,361,600,671,909,741,585,555,310,91,17,5
"경상북도","경산시",진량읍,소계,총인구수 (명),34115,632,1031,1368,2001,1417,1033,922,463,144,23,2
"경상북도","경산시",진량읍,소계,남자인구수 (명),17803,326,534,693,1039,658,424,335,127,46,7,0
"경상북도","경산시",진량읍,소계,여자인구수 (명),16312,306,497,675,962,759,609,587,336,98,16,2
"경상북도","경산시",압량읍,소계,총인구수 (명),20388,780,1103,876,1238,756,552,460,256,85,12,1
"경상북도","경산시",압량읍,소계,남자인구수 (명),10823,387,583,442,627,359,253,180,75,20,4,0
"경상북도","경산시",압량읍,소계,여자인구수 (명),9565,393,520,434,611,397,299,280,181,65,8,1
"경상북도","경산시",와촌면,소계,총인구수 (명),5401,45,66,102,687,479,352,321,196,60,10,2
"경상북도","경산시",와촌면,소계,남자인구수 (명),2921,22,37,53,380,237,181,119,63,13,1,0
"경상북도","경산시",와촌면,소계,여자인구수 (명),2480,23,29,49,307,242,171,202,133,47,9,2
"경상북도","경산시",자인면,소계,총인구수 (명),5304,51,65,84,639,555,367,310,174,69,11,4
"경상북도","경산시",자인면,소계,남자인구수 (명),2714,34,33,43,345,287,173,101,46,15,1,0
"경상북도","경산시",자인면,소계,여자인구수 (명),2590,17,32,41,294,268,194,209,128,54,10,4
"경상북도","경산시",용성면,소계,총인구수 (명),3234,20,30,38,459,383,261,228,155,51,7,0
"경상북도","경산시",용성면,소계,남자인구수 (명),1716,13,16,21,250,204,129,84,47,6,2,0
"경상북도","경산시",용성면,소계,여자인구수 (명),1518,7,14,17,209,179,132,144,108,45,5,0
"경상북도","경산시",남산면,소계,총인구수 (명),3661,17,62,74,436,381,258,256,179,49,14,2
"경상북도","경산시",남산면,소계,남자인구수 (명),1894,11,30,31,242,192,126,97,48,11,3,0
"경상북도","경산시",남산면,소계,여자인구수 (명),1767,6,32,43,194,189,132,159,131,38,11,2
"경상북도","경산시",남천면,소계,총인구수 (명),2774,20,35,46,328,340,216,178,101,30,11,3
"경상북도","경산시",남천면,소계,남자인구수 (명),1436,13,20,26,170,176,104,63,26,3,5,0
"경상북도","경산시",남천면,소계,여자인구수 (명),1338,7,15,20,158,164,112,115,75,27,6,3
"경상북도","경산시",중방동,소계,총인구수 (명),10841,260,287,301,902,598,376,271,128,48,7,1
"경상북도","경산시",중방동,소계,남자인구수 (명),5261,137,155,137,425,282,166,105,44,10,1,0
"경상북도","경산시",중방동,소계,여자인구수 (명),5580,123,132,164,477,316,210,166,84,38,6,1
"경상북도","경산시",중앙동,소계,총인구수 (명),5997,69,78,132,564,361,282,246,133,41,6,0
"경상북도","경산시",중앙동,소계,남자인구수 (명),2977,34,46,63,271,154,107,82,27,13,0,0
"경상북도","경산시",중앙동,소계,여자인구수 (명),3020,35,32,69,293,207,175,164,106,28,6,0
"경상북도","경산시",남부동,소계,총인구수 (명),19114,573,932,1125,1223,1000,682,501,278,75,19,3
"경상북도","경산시",남부동,소계,남자인구수 (명),9389,271,477,585,559,438,279,198,100,15,5,0
"경상북도","경산시",남부동,소계,여자인구수 (명),9725,302,455,540,664,562,403,303,178,60,14,3
"경상북도","경산시",서부1동,소계,총인구수 (명),31397,588,1270,1781,2154,1511,1018,837,423,128,24,3
"경상북도","경산시",서부1동,소계,남자인구수 (명),14865,294,601,868,1015,648,420,321,133,33,2,1
"경상북도","경산시",서부1동,소계,여자인구수 (명),16532,294,669,913,1139,863,598,516,290,95,22,2
"경상북도","경산시",서부2동,소계,총인구수 (명),38422,1602,2126,1690,2169,1589,1114,789,396,126,12,2
"경상북도","경산시",서부2동,소계,남자인구수 (명),18381,838,1033,815,1010,688,493,321,136,34,4,0
"경상북도","경산시",서부2동,소계,여자인구수 (명),20041,764,1093,875,1159,901,621,468,260,92,8,2
"경상북도","경산시",북부동,소계,총인구수 (명),16541,410,395,341,904,654,396,311,177,47,16,2
"경상북도","경산시",북부동,소계,남자인구수 (명),9047,213,206,177,451,325,201,132,58,11,2,0
"경상북도","경산시",북부동,소계,여자인구수 (명),7494,197,189,164,453,329,195,179,119,36,14,2
"경상북도","경산시",동부동,소계,총인구수 (명),37601,775,1496,2057,2185,1429,1003,794,381,144,36,4
"경상북도","경산시",동부동,소계,남자인구수 (명),18750,403,774,1083,1011,640,423,312,117,29,7,0
"경상북도","경산시",동부동,소계,여자인구수 (명),18851,372,722,974,1174,789,580,482,264,115,29,4
"경상북도","의성군",소계,소계,총인구수 (명),50086,802,833,949,6250,5054,3676,4209,2481,867,158,28
"경상북도","의성군",소계,소계,남자인구수 (명),24808,423,425,484,3229,2417,1611,1526,729,198,27,2
"경상북도","의성군",소계,소계,여자인구수 (명),25278,379,408,465,3021,2637,2065,2683,1752,669,131,26
"경상북도","의성군",의성읍,소계,총인구수 (명),12676,270,371,485,1259,1021,719,676,350,122,28,1
"경상북도","의성군",의성읍,소계,남자인구수 (명),6255,149,194,259,611,464,327,244,98,31,7,0
"경상북도","의성군",의성읍,소계,여자인구수 (명),6421,121,177,226,648,557,392,432,252,91,21,1
"경상북도","의성군",단촌면,소계,총인구수 (명),1911,25,13,18,295,194,154,199,118,31,4,2
"경상북도","의성군",단촌면,소계,남자인구수 (명),948,15,7,9,151,100,50,73,32,12,0,0
"경상북도","의성군",단촌면,소계,여자인구수 (명),963,10,6,9,144,94,104,126,86,19,4,2
"경상북도","의성군",점곡면,소계,총인구수 (명),1570,18,21,9,218,185,135,183,87,39,4,0
"경상북도","의성군",점곡면,소계,남자인구수 (명),783,12,15,6,108,91,59,60,29,8,0,0
"경상북도","의성군",점곡면,소계,여자인구수 (명),787,6,6,3,110,94,76,123,58,31,4,0
"경상북도","의성군",옥산면,소계,총인구수 (명),1751,13,14,17,247,204,152,160,64,39,3,1
"경상북도","의성군",옥산면,소계,남자인구수 (명),881,8,10,7,134,105,64,60,17,12,0,0
"경상북도","의성군",옥산면,소계,여자인구수 (명),870,5,4,10,113,99,88,100,47,27,3,1
"경상북도","의성군",사곡면,소계,총인구수 (명),1556,8,13,12,230,181,129,161,97,40,11,3
"경상북도","의성군",사곡면,소계,남자인구수 (명),764,4,7,7,114,97,61,55,23,7,1,1
"경상북도","의성군",사곡면,소계,여자인구수 (명),792,4,6,5,116,84,68,106,74,33,10,2
"경상북도","의성군",춘산면,소계,총인구수 (명),1490,25,17,21,244,151,121,131,75,29,4,1
"경상북도","의성군",춘산면,소계,남자인구수 (명),757,18,4,11,138,85,52,52,26,7,1,0
"경상북도","의성군",춘산면,소계,여자인구수 (명),733,7,13,10,106,66,69,79,49,22,3,1
"경상북도","의성군",가음면,소계,총인구수 (명),1475,21,6,17,219,180,110,133,88,29,3,1
"경상북도","의성군",가음면,소계,남자인구수 (명),756,9,3,10,127,93,56,51,24,10,1,0
"경상북도","의성군",가음면,소계,여자인구수 (명),719,12,3,7,92,87,54,82,64,19,2,1
"경상북도","의성군",금성면,소계,총인구수 (명),4159,68,52,55,545,479,370,369,233,74,17,5
"경상북도","의성군",금성면,소계,남자인구수 (명),2047,36,29,31,289,219,166,137,73,12,4,0
"경상북도","의성군",금성면,소계,여자인구수 (명),2112,32,23,24,256,260,204,232,160,62,13,5
"경상북도","의성군",봉양면,소계,총인구수 (명),3883,62,61,49,501,378,281,286,164,77,12,3
"경상북도","의성군",봉양면,소계,남자인구수 (명),1929,29,30,19,236,185,117,109,44,20,3,0
"경상북도","의성군",봉양면,소계,여자인구수 (명),1954,33,31,30,265,193,164,177,120,57,9,3
"경상북도","의성군",비안면,소계,총인구수 (명),2571,34,44,22,352,309,199,234,157,55,12,2
"경상북도","의성군",비안면,소계,남자인구수 (명),1283,18,17,10,181,151,91,77,46,12,3,0
"경상북도","의성군",비안면,소계,여자인구수 (명),1288,16,27,12,171,158,108,157,111,43,9,2
"경상북도","의성군",구천면,소계,총인구수 (명),1731,32,12,12,247,201,138,166,122,32,7,0
"경상북도","의성군",구천면,소계,남자인구수 (명),869,16,4,5,136,101,68,56,39,6,1,0
"경상북도","의성군",구천면,소계,여자인구수 (명),862,16,8,7,111,100,70,110,83,26,6,0
"경상북도","의성군",단밀면,소계,총인구수 (명),1672,14,11,27,192,165,126,179,129,30,4,1
"경상북도","의성군",단밀면,소계,남자인구수 (명),827,6,6,12,92,70,56,62,50,4,1,0
"경상북도","의성군",단밀면,소계,여자인구수 (명),845,8,5,15,100,95,70,117,79,26,3,1
"경상북도","의성군",단북면,소계,총인구수 (명),1740,25,15,26,226,193,125,184,112,41,4,0
"경상북도","의성군",단북면,소계,남자인구수 (명),852,13,9,16,115,87,46,60,25,10,0,0
"경상북도","의성군",단북면,소계,여자인구수 (명),888,12,6,10,111,106,79,124,87,31,4,0
"경상북도","의성군",안계면,소계,총인구수 (명),4388,100,125,121,460,372,310,326,176,68,15,0
"경상북도","의성군",안계면,소계,남자인구수 (명),2125,52,61,58,224,171,140,116,49,13,0,0
"경상북도","의성군",안계면,소계,여자인구수 (명),2263,48,64,63,236,201,170,210,127,55,15,0
"경상북도","의성군",다인면,소계,총인구수 (명),3716,57,25,35,468,430,300,393,246,82,11,3
"경상북도","의성군",다인면,소계,남자인구수 (명),1824,24,13,12,257,193,128,159,66,17,2,1
"경상북도","의성군",다인면,소계,여자인구수 (명),1892,33,12,23,211,237,172,234,180,65,9,2
"경상북도","의성군",신평면,소계,총인구수 (명),815,8,6,3,110,78,67,112,58,15,5,1
"경상북도","의성군",신평면,소계,남자인구수 (명),405,2,1,2,66,40,26,43,21,3,1,0
"경상북도","의성군",신평면,소계,여자인구수 (명),410,6,5,1,44,38,41,69,37,12,4,1
"경상북도","의성군",안평면,소계,총인구수 (명),2105,18,16,17,320,235,169,221,141,45,9,1
"경상북도","의성군",안평면,소계,남자인구수 (명),1072,9,9,10,185,119,75,86,47,11,1,0
"경상북도","의성군",안평면,소계,여자인구수 (명),1033,9,7,7,135,116,94,135,94,34,8,1
"경상북도","의성군",안사면,소계,총인구수 (명),877,4,11,3,117,98,71,96,64,19,5,3
"경상북도","의성군",안사면,소계,남자인구수 (명),431,3,6,0,65,46,29,26,20,3,1,0
"경상북도","의성군",안사면,소계,여자인구수 (명),446,1,5,3,52,52,42,70,44,16,4,3
"경상북도","청송군",소계,소계,총인구수 (명),24019,389,433,525,2833,2264,1723,1789,1033,319,77,5
"경상북도","청송군",소계,소계,남자인구수 (명),12063,208,218,264,1448,1117,741,639,338,82,12,1
"경상북도","청송군",소계,소계,여자인구수 (명),11956,181,215,261,1385,1147,982,1150,695,237,65,4
"경상북도","청송군",청송읍,소계,총인구수 (명),5016,99,149,158,498,325,299,274,183,45,16,1
"경상북도","청송군",청송읍,소계,남자인구수 (명),2486,57,77,75,257,144,127,87,56,12,1,0
"경상북도","청송군",청송읍,소계,여자인구수 (명),2530,42,72,83,241,181,172,187,127,33,15,1
"경상북도","청송군",주왕산면,소계,총인구수 (명),1774,15,18,25,235,179,142,160,73,29,5,1
"경상북도","청송군",주왕산면,소계,남자인구수 (명),889,11,8,14,123,85,67,54,22,7,0,0
"경상북도","청송군",주왕산면,소계,여자인구수 (명),885,4,10,11,112,94,75,106,51,22,5,1
"경상북도","청송군",부남면,소계,총인구수 (명),2375,26,23,47,340,254,197,222,113,43,8,1
"경상북도","청송군",부남면,소계,남자인구수 (명),1186,15,12,20,166,136,88,85,43,8,1,1
"경상북도","청송군",부남면,소계,여자인구수 (명),1189,11,11,27,174,118,109,137,70,35,7,0
"경상북도","청송군",현동면,소계,총인구수 (명),2047,35,33,43,217,212,140,158,108,31,6,1
"경상북도","청송군",현동면,소계,남자인구수 (명),1046,18,13,22,103,120,54,59,41,8,0,0
"경상북도","청송군",현동면,소계,여자인구수 (명),1001,17,20,21,114,92,86,99,67,23,6,1
"경상북도","청송군",현서면,소계,총인구수 (명),2424,32,22,37,361,274,187,179,107,35,8,0
"경상북도","청송군",현서면,소계,남자인구수 (명),1215,16,10,22,199,130,82,74,42,10,1,0
"경상북도","청송군",현서면,소계,여자인구수 (명),1209,16,12,15,162,144,105,105,65,25,7,0
"경상북도","청송군",안덕면,소계,총인구수 (명),2477,27,33,49,347,264,221,229,127,40,11,1
"경상북도","청송군",안덕면,소계,남자인구수 (명),1232,17,16,29,189,125,90,87,38,11,2,0
"경상북도","청송군",안덕면,소계,여자인구수 (명),1245,10,17,20,158,139,131,142,89,29,9,1
"경상북도","청송군",파천면,소계,총인구수 (명),1684,18,18,27,223,196,136,171,96,34,9,0
"경상북도","청송군",파천면,소계,남자인구수 (명),844,11,8,12,121,106,58,58,20,10,4,0
"경상북도","청송군",파천면,소계,여자인구수 (명),840,7,10,15,102,90,78,113,76,24,5,0
"경상북도","청송군",진보면,소계,총인구수 (명),6222,137,137,139,612,560,401,396,226,62,14,0
"경상북도","청송군",진보면,소계,남자인구수 (명),3165,63,74,70,290,271,175,135,76,16,3,0
"경상북도","청송군",진보면,소계,여자인구수 (명),3057,74,63,69,322,289,226,261,150,46,11,0
"경상북도","영양군",소계,소계,총인구수 (명),15661,213,315,398,1764,1383,1088,1259,696,223,60,13
"경상북도","영양군",소계,소계,남자인구수 (명),7805,99,167,224,878,667,460,459,199,40,11,2
"경상북도","영양군",소계,소계,여자인구수 (명),7856,114,148,174,886,716,628,800,497,183,49,11
"경상북도","영양군",영양읍,소계,총인구수 (명),6867,137,197,237,644,486,363,407,206,75,26,3
"경상북도","영양군",영양읍,소계,남자인구수 (명),3373,66,108,129,310,226,145,139,61,11,4,1
"경상북도","영양군",영양읍,소계,여자인구수 (명),3494,71,89,108,334,260,218,268,145,64,22,2
"경상북도","영양군",입암면,소계,총인구수 (명),2014,18,30,34,237,217,186,177,100,41,8,1
"경상북도","영양군",입암면,소계,남자인구수 (명),999,7,16,19,112,103,75,64,30,7,3,0
"경상북도","영양군",입암면,소계,여자인구수 (명),1015,11,14,15,125,114,111,113,70,34,5,1
"경상북도","영양군",청기면,소계,총인구수 (명),1565,10,20,22,227,166,149,181,103,24,10,4
"경상북도","영양군",청기면,소계,남자인구수 (명),809,3,11,11,105,88,65,89,23,2,2,0
"경상북도","영양군",청기면,소계,여자인구수 (명),756,7,9,11,122,78,84,92,80,22,8,4
"경상북도","영양군",일월면,소계,총인구수 (명),1656,12,15,25,215,163,126,171,95,34,4,1
"경상북도","영양군",일월면,소계,남자인구수 (명),827,7,7,14,114,79,55,60,33,8,0,1
"경상북도","영양군",일월면,소계,여자인구수 (명),829,5,8,11,101,84,71,111,62,26,4,0
"경상북도","영양군",수비면,소계,총인구수 (명),1639,17,22,44,200,150,120,140,88,27,7,1
"경상북도","영양군",수비면,소계,남자인구수 (명),829,7,13,28,100,76,59,44,26,8,1,0
"경상북도","영양군",수비면,소계,여자인구수 (명),810,10,9,16,100,74,61,96,62,19,6,1
"경상북도","영양군",석보면,소계,총인구수 (명),1920,19,31,36,241,201,144,183,104,22,5,3
"경상북도","영양군",석보면,소계,남자인구수 (명),968,9,12,23,137,95,61,63,26,4,1,0
"경상북도","영양군",석보면,소계,여자인구수 (명),952,10,19,13,104,106,83,120,78,18,4,3
"경상북도","영덕군",소계,소계,총인구수 (명),34055,502,713,912,3687,3122,2435,2778,1545,524,105,15
"경상북도","영덕군",소계,소계,남자인구수 (명),16232,258,338,474,1794,1438,953,917,445,124,14,0
"경상북도","영덕군",소계,소계,여자인구수 (명),17823,244,375,438,1893,1684,1482,1861,1100,400,91,15
"경상북도","영덕군",영덕읍,소계,총인구수 (명),10414,228,377,439,900,679,509,557,273,94,25,3
"경상북도","영덕군",영덕읍,소계,남자인구수 (명),5039,120,181,209,418,309,201,176,81,20,4,0
"경상북도","영덕군",영덕읍,소계,여자인구수 (명),5375,108,196,230,482,370,308,381,192,74,21,3
"경상북도","영덕군",강구면,소계,총인구수 (명),5795,86,74,127,686,573,418,471,214,63,12,1
"경상북도","영덕군",강구면,소계,남자인구수 (명),2726,35,38,76,332,257,159,142,61,11,1,0
"경상북도","영덕군",강구면,소계,여자인구수 (명),3069,51,36,51,354,316,259,329,153,52,11,1
"경상북도","영덕군",남정면,소계,총인구수 (명),2246,19,17,18,295,267,189,219,151,47,9,3
"경상북도","영덕군",남정면,소계,남자인구수 (명),1099,11,6,11,155,131,75,75,44,10,1,0
"경상북도","영덕군",남정면,소계,여자인구수 (명),1147,8,11,7,140,136,114,144,107,37,8,3
"경상북도","영덕군",달산면,소계,총인구수 (명),1074,11,2,8,136,117,98,117,84,38,7,0
"경상북도","영덕군",달산면,소계,남자인구수 (명),497,7,2,5,69,60,35,27,24,10,0,0
"경상북도","영덕군",달산면,소계,여자인구수 (명),577,4,0,3,67,57,63,90,60,28,7,0
"경상북도","영덕군",지품면,소계,총인구수 (명),1406,15,16,19,188,157,125,154,86,22,5,0
"경상북도","영덕군",지품면,소계,남자인구수 (명),697,7,9,14,91,80,52,55,23,6,2,0
"경상북도","영덕군",지품면,소계,여자인구수 (명),709,8,7,5,97,77,73,99,63,16,3,0
"경상북도","영덕군",지품면원전출장소,소계,총인구수 (명),527,5,4,1,78,64,57,61,35,11,2,1
"경상북도","영덕군",지품면원전출장소,소계,남자인구수 (명),253,1,2,1,41,27,21,22,13,3,0,0
"경상북도","영덕군",지품면원전출장소,소계,여자인구수 (명),274,4,2,0,37,37,36,39,22,8,2,1
"경상북도","영덕군",축산면,소계,총인구수 (명),874,4,9,22,102,85,78,112,57,15,6,0
"경상북도","영덕군",축산면,소계,남자인구수 (명),414,3,4,12,44,42,33,39,17,1,1,0
"경상북도","영덕군",축산면,소계,여자인구수 (명),460,1,5,10,58,43,45,73,40,14,5,0
"경상북도","영덕군",축산면축산출장소,소계,총인구수 (명),1556,14,18,23,178,200,146,145,78,19,3,1
"경상북도","영덕군",축산면축산출장소,소계,남자인구수 (명),726,6,10,15,82,87,49,59,19,5,3,0
"경상북도","영덕군",축산면축산출장소,소계,여자인구수 (명),830,8,8,8,96,113,97,86,59,14,0,1
"경상북도","영덕군",영해면,소계,총인구수 (명),6010,93,162,194,620,519,409,453,275,110,22,3
"경상북도","영덕군",영해면,소계,남자인구수 (명),2774,51,70,101,295,230,151,151,72,30,1,0
"경상북도","영덕군",영해면,소계,여자인구수 (명),3236,42,92,93,325,289,258,302,203,80,21,3
"경상북도","영덕군",병곡면,소계,총인구수 (명),2604,19,27,46,287,299,237,277,183,68,11,1
"경상북도","영덕군",병곡면,소계,남자인구수 (명),1250,11,14,22,154,131,97,94,54,14,1,0
"경상북도","영덕군",병곡면,소계,여자인구수 (명),1354,8,13,24,133,168,140,183,129,54,10,1
"경상북도","영덕군",창수면,소계,총인구수 (명),1549,8,7,15,217,162,169,212,109,37,3,2
"경상북도","영덕군",창수면,소계,남자인구수 (명),757,6,2,8,113,84,80,77,37,14,0,0
"경상북도","영덕군",창수면,소계,여자인구수 (명),792,2,5,7,104,78,89,135,72,23,3,2
"경상북도","청도군",소계,소계,총인구수 (명),41316,541,696,969,4895,4284,2752,2761,1821,684,128,17
"경상북도","청도군",소계,소계,남자인구수 (명),20493,275,362,493,2531,2064,1302,1016,547,141,20,1
"경상북도","청도군",소계,소계,여자인구수 (명),20823,266,334,476,2364,2220,1450,1745,1274,543,108,16
"경상북도","청도군",화양읍,소계,총인구수 (명),7108,151,224,295,635,525,331,324,195,85,22,1
"경상북도","청도군",화양읍,소계,남자인구수 (명),3487,72,120,149,318,248,161,114,67,18,3,0
"경상북도","청도군",화양읍,소계,여자인구수 (명),3621,79,104,146,317,277,170,210,128,67,19,1
"경상북도","청도군",화양읍남성현출장소,소계,총인구수 (명),1113,16,17,27,138,113,90,95,65,20,3,1
"경상북도","청도군",화양읍남성현출장소,소계,남자인구수 (명),561,8,11,13,75,48,50,35,18,5,0,0
"경상북도","청도군",화양읍남성현출장소,소계,여자인구수 (명),552,8,6,14,63,65,40,60,47,15,3,1
"경상북도","청도군",청도읍,소계,총인구수 (명),9919,151,205,312,1056,903,547,501,333,118,21,6
"경상북도","청도군",청도읍,소계,남자인구수 (명),4886,79,106,150,515,421,242,171,101,25,3,0
"경상북도","청도군",청도읍,소계,여자인구수 (명),5033,72,99,162,541,482,305,330,232,93,18,6
"경상북도","청도군",청도읍유호출장소,소계,총인구수 (명),1518,12,16,15,204,216,124,130,66,31,4,0
"경상북도","청도군",청도읍유호출장소,소계,남자인구수 (명),746,9,8,5,107,96,60,45,19,7,0,0
"경상북도","청도군",청도읍유호출장소,소계,여자인구수 (명),772,3,8,10,97,120,64,85,47,24,4,0
"경상북도","청도군",각남면,소계,총인구수 (명),2145,26,19,32,274,243,188,185,119,53,16,0
"경상북도","청도군",각남면,소계,남자인구수 (명),1042,15,15,19,148,110,82,76,32,6,0,0
"경상북도","청도군",각남면,소계,여자인구수 (명),1103,11,4,13,126,133,106,109,87,47,16,0
"경상북도","청도군",풍각면,소계,총인구수 (명),3736,61,46,60,515,386,279,262,181,84,3,2
"경상북도","청도군",풍각면,소계,남자인구수 (명),1849,29,21,31,272,179,132,90,58,14,1,0
"경상북도","청도군",풍각면,소계,여자인구수 (명),1887,32,25,29,243,207,147,172,123,70,2,2
"경상북도","청도군",각북면,소계,총인구수 (명),2276,18,20,26,321,269,168,186,125,36,6,0
"경상북도","청도군",각북면,소계,남자인구수 (명),1139,10,9,11,186,141,79,68,46,9,0,0
"경상북도","청도군",각북면,소계,여자인구수 (명),1137,8,11,15,135,128,89,118,79,27,6,0
"경상북도","청도군",이서면,소계,총인구수 (명),4528,47,68,109,530,540,314,299,210,72,20,2
"경상북도","청도군",이서면,소계,남자인구수 (명),2219,21,33,58,268,265,162,128,57,14,2,0
"경상북도","청도군",이서면,소계,여자인구수 (명),2309,26,35,51,262,275,152,171,153,58,18,2
"경상북도","청도군",운문면,소계,총인구수 (명),1980,12,15,18,282,212,136,187,105,43,8,3
"경상북도","청도군",운문면,소계,남자인구수 (명),1010,7,5,16,159,112,52,62,24,13,2,1
"경상북도","청도군",운문면,소계,여자인구수 (명),970,5,10,2,123,100,84,125,81,30,6,2
"경상북도","청도군",금천면,소계,총인구수 (명),3218,23,34,35,421,408,281,275,182,65,13,1
"경상북도","청도군",금천면,소계,남자인구수 (명),1650,9,17,22,209,211,143,107,53,18,4,0
"경상북도","청도군",금천면,소계,여자인구수 (명),1568,14,17,13,212,197,138,168,129,47,9,1
"경상북도","청도군",매전면,소계,총인구수 (명),3775,24,32,40,519,469,294,317,240,77,12,1
"경상북도","청도군",매전면,소계,남자인구수 (명),1904,16,17,19,274,233,139,120,72,12,5,0
"경상북도","청도군",매전면,소계,여자인구수 (명),1871,8,15,21,245,236,155,197,168,65,7,1
"경상북도","고령군",소계,소계,총인구수 (명),30139,446,622,808,3204,2569,1794,1765,1093,357,72,8
"경상북도","고령군",소계,소계,남자인구수 (명),15477,215,328,415,1708,1284,799,615,330,77,19,0
"경상북도","고령군",소계,소계,여자인구수 (명),14662,231,294,393,1496,1285,995,1150,763,280,53,8
"경상북도","고령군",대가야읍,소계,총인구수 (명),9660,158,276,374,831,689,471,441,254,74,15,2
"경상북도","고령군",대가야읍,소계,남자인구수 (명),4868,76,144,199,395,325,196,144,78,16,4,0
"경상북도","고령군",대가야읍,소계,여자인구수 (명),4792,82,132,175,436,364,275,297,176,58,11,2
"경상북도","고령군",덕곡면,소계,총인구수 (명),1441,14,15,20,212,151,101,123,100,27,9,1
"경상북도","고령군",덕곡면,소계,남자인구수 (명),734,9,11,11,123,90,38,40,28,7,5,0
"경상북도","고령군",덕곡면,소계,여자인구수 (명),707,5,4,9,89,61,63,83,72,20,4,1
"경상북도","고령군",운수면,소계,총인구수 (명),1782,28,16,10,243,185,127,173,92,32,7,1
"경상북도","고령군",운수면,소계,남자인구수 (명),900,16,6,6,135,91,58,60,23,8,2,0
"경상북도","고령군",운수면,소계,여자인구수 (명),882,12,10,4,108,94,69,113,69,24,5,1
"경상북도","고령군",성산면,소계,총인구수 (명),2500,23,38,30,319,243,167,152,98,42,2,0
"경상북도","고령군",성산면,소계,남자인구수 (명),1367,11,21,13,183,136,82,55,28,8,1,0
"경상북도","고령군",성산면,소계,여자인구수 (명),1133,12,17,17,136,107,85,97,70,34,1,0
"경상북도","고령군",다산면,소계,총인구수 (명),8040,135,215,294,761,573,394,337,189,43,10,1
"경상북도","고령군",다산면,소계,남자인구수 (명),4144,63,111,146,388,282,182,125,62,16,3,0
"경상북도","고령군",다산면,소계,여자인구수 (명),3896,72,104,148,373,291,212,212,127,27,7,1
"경상북도","고령군",개진면,소계,총인구수 (명),1869,18,12,18,236,199,151,132,80,41,9,0
"경상북도","고령군",개진면,소계,남자인구수 (명),1023,9,8,9,139,109,68,43,27,4,0,0
"경상북도","고령군",개진면,소계,여자인구수 (명),846,9,4,9,97,90,83,89,53,37,9,0
"경상북도","고령군",우곡면,소계,총인구수 (명),1555,14,13,13,187,185,133,145,101,27,6,0
"경상북도","고령군",우곡면,소계,남자인구수 (명),815,10,7,5,107,92,60,55,33,3,1,0
"경상북도","고령군",우곡면,소계,여자인구수 (명),740,4,6,8,80,93,73,90,68,24,5,0
"경상북도","고령군",쌍림면,소계,총인구수 (명),3292,56,37,49,415,344,250,262,179,71,14,3
"경상북도","고령군",쌍림면,소계,남자인구수 (명),1626,21,20,26,238,159,115,93,51,15,3,0
"경상북도","고령군",쌍림면,소계,여자인구수 (명),1666,35,17,23,177,185,135,169,128,56,11,3
"경상북도","성주군",소계,소계,총인구수 (명),42086,764,745,1013,4702,3851,2527,2270,1414,511,116,14
"경상북도","성주군",소계,소계,남자인구수 (명),22000,392,372,500,2578,1920,1174,874,390,119,16,4
"경상북도","성주군",소계,소계,여자인구수 (명),20086,372,373,513,2124,1931,1353,1396,1024,392,100,10
"경상북도","성주군",성주읍,소계,총인구수 (명),13300,338,443,586,1024,802,563,442,270,98,34,4
"경상북도","성주군",성주읍,소계,남자인구수 (명),6734,172,213,283,527,367,245,150,76,24,4,0
"경상북도","성주군",성주읍,소계,여자인구수 (명),6566,166,230,303,497,435,318,292,194,74,30,4
"경상북도","성주군",선남면,소계,총인구수 (명),6023,110,66,81,703,607,359,327,183,61,12,4
"경상북도","성주군",선남면,소계,남자인구수 (명),3309,55,37,38,384,308,196,130,48,10,4,1
"경상북도","성주군",선남면,소계,여자인구수 (명),2714,55,29,43,319,299,163,197,135,51,8,3
"경상북도","성주군",용암면,소계,총인구수 (명),3570,46,29,47,493,361,236,216,130,55,9,0
"경상북도","성주군",용암면,소계,남자인구수 (명),1982,24,13,21,282,199,108,90,34,8,0,0
"경상북도","성주군",용암면,소계,여자인구수 (명),1588,22,16,26,211,162,128,126,96,47,9,0
"경상북도","성주군",수륜면,소계,총인구수 (명),3202,33,35,59,426,344,247,206,167,54,17,3
"경상북도","성주군",수륜면,소계,남자인구수 (명),1630,14,19,29,241,180,117,75,43,13,2,2
"경상북도","성주군",수륜면,소계,여자인구수 (명),1572,19,16,30,185,164,130,131,124,41,15,1
"경상북도","성주군",가천면,소계,총인구수 (명),1981,30,21,23,273,207,135,144,96,38,11,1
"경상북도","성주군",가천면,소계,남자인구수 (명),1000,15,9,11,144,104,56,53,30,8,1,0
"경상북도","성주군",가천면,소계,여자인구수 (명),981,15,12,12,129,103,79,91,66,30,10,1
"경상북도","성주군",금수면,소계,총인구수 (명),1198,14,5,8,149,157,81,79,65,26,6,0
"경상북도","성주군",금수면,소계,남자인구수 (명),633,11,3,4,81,87,33,36,19,6,0,0
"경상북도","성주군",금수면,소계,여자인구수 (명),565,3,2,4,68,70,48,43,46,20,6,0
"경상북도","성주군",대가면,소계,총인구수 (명),2316,20,18,37,291,248,193,167,103,41,6,0
"경상북도","성주군",대가면,소계,남자인구수 (명),1189,12,10,19,158,113,89,67,29,14,0,0
"경상북도","성주군",대가면,소계,여자인구수 (명),1127,8,8,18,133,135,104,100,74,27,6,0
"경상북도","성주군",벽진면,소계,총인구수 (명),2945,49,28,36,391,370,208,204,114,46,9,1
"경상북도","성주군",벽진면,소계,남자인구수 (명),1541,22,14,15,223,181,102,84,28,13,3,1
"경상북도","성주군",벽진면,소계,여자인구수 (명),1404,27,14,21,168,189,106,120,86,33,6,0
"경상북도","성주군",초전면,소계,총인구수 (명),4331,80,66,76,527,438,269,289,167,54,7,0
"경상북도","성주군",초전면,소계,남자인구수 (명),2235,46,34,47,292,220,119,107,44,14,1,0
"경상북도","성주군",초전면,소계,여자인구수 (명),2096,34,32,29,235,218,150,182,123,40,6,0
"경상북도","성주군",월항면,소계,총인구수 (명),3220,44,34,60,425,317,236,196,119,38,5,1
"경상북도","성주군",월항면,소계,남자인구수 (명),1747,21,20,33,246,161,109,82,39,9,1,0
"경상북도","성주군",월항면,소계,여자인구수 (명),1473,23,14,27,179,156,127,114,80,29,4,1
"경상북도","칠곡군",소계,소계,총인구수 (명),110581,2268,4583,5552,7004,4671,3394,3162,1810,629,144,26
"경상북도","칠곡군",소계,소계,남자인구수 (명),57966,1128,2374,2875,3629,2298,1488,1074,547,145,30,1
"경상북도","칠곡군",소계,소계,여자인구수 (명),52615,1140,2209,2677,3375,2373,1906,2088,1263,484,114,25
"경상북도","칠곡군",왜관읍,소계,총인구수 (명),31389,587,1159,1446,2214,1406,1035,1029,589,187,43,9
"경상북도","칠곡군",왜관읍,소계,남자인구수 (명),15784,320,588,745,1100,669,415,333,182,42,9,0
"경상북도","칠곡군",왜관읍,소계,여자인구수 (명),15605,267,571,701,1114,737,620,696,407,145,34,9
"경상북도","칠곡군",북삼읍,소계,총인구수 (명),23813,422,916,1403,1154,697,500,404,199,77,14,1
"경상북도","칠곡군",북삼읍,소계,남자인구수 (명),12460,209,498,701,607,332,227,140,60,14,4,0
"경상북도","칠곡군",북삼읍,소계,여자인구수 (명),11353,213,418,702,547,365,273,264,139,63,10,1
"경상북도","칠곡군",석적읍,소계,총인구수 (명),31110,1088,2142,2231,849,515,352,282,169,37,17,3
"경상북도","칠곡군",석적읍,소계,남자인구수 (명),17001,522,1101,1177,410,252,152,89,44,10,5,1
"경상북도","칠곡군",석적읍,소계,여자인구수 (명),14109,566,1041,1054,439,263,200,193,125,27,12,2
"경상북도","칠곡군",지천면,소계,총인구수 (명),3864,10,39,29,502,414,289,322,189,65,20,4
"경상북도","칠곡군",지천면,소계,남자인구수 (명),2100,1,19,18,279,230,120,121,63,20,8,0
"경상북도","칠곡군",지천면,소계,여자인구수 (명),1764,9,20,11,223,184,169,201,126,45,12,4
"경상북도","칠곡군",동명면,소계,총인구수 (명),5182,35,67,65,675,494,358,332,205,96,23,3
"경상북도","칠곡군",동명면,소계,남자인구수 (명),2643,18,34,34,356,249,173,125,47,15,1,0
"경상북도","칠곡군",동명면,소계,여자인구수 (명),2539,17,33,31,319,245,185,207,158,81,22,3
"경상북도","칠곡군",가산면,소계,총인구수 (명),3227,29,27,34,454,334,235,216,97,54,9,1
"경상북도","칠곡군",가산면,소계,남자인구수 (명),1745,12,14,15,251,172,121,79,33,15,0,0
"경상북도","칠곡군",가산면,소계,여자인구수 (명),1482,17,13,19,203,162,114,137,64,39,9,1
"경상북도","칠곡군",약목면,소계,총인구수 (명),8999,57,138,219,842,607,459,417,257,74,11,3
"경상북도","칠곡군",약목면,소계,남자인구수 (명),4668,26,69,115,455,283,208,131,84,15,1,0
"경상북도","칠곡군",약목면,소계,여자인구수 (명),4331,31,69,104,387,324,251,286,173,59,10,3
"경상북도","칠곡군",기산면,소계,총인구수 (명),2997,40,95,125,314,204,166,160,105,39,7,2
"경상북도","칠곡군",기산면,소계,남자인구수 (명),1565,20,51,70,171,111,72,56,34,14,2,0
"경상북도","칠곡군",기산면,소계,여자인구수 (명),1432,20,44,55,143,93,94,104,71,25,5,2
"경상북도","예천군",소계,소계,총인구수 (명),55325,1709,2269,2611,4995,3835,2889,3155,2162,695,149,18
"경상북도","예천군",소계,소계,남자인구수 (명),27224,860,1126,1336,2524,1825,1301,1173,655,151,25,3
"경상북도","예천군",소계,소계,여자인구수 (명),28101,849,1143,1275,2471,2010,1588,1982,1507,544,124,15
"경상북도","예천군",예천읍,소계,총인구수 (명),14059,209,400,545,1472,1140,820,720,431,149,37,2
"경상북도","예천군",예천읍,소계,남자인구수 (명),6930,102,204,284,708,512,374,280,129,39,4,2
"경상북도","예천군",예천읍,소계,여자인구수 (명),7129,107,196,261,764,628,446,440,302,110,33,0
"경상북도","예천군",용문면,소계,총인구수 (명),2155,13,26,41,264,254,186,235,185,55,12,0
"경상북도","예천군",용문면,소계,남자인구수 (명),1100,3,14,26,147,122,95,77,63,14,2,0
"경상북도","예천군",용문면,소계,여자인구수 (명),1055,10,12,15,117,132,91,158,122,41,10,0
"경상북도","예천군",감천면,소계,총인구수 (명),2476,12,15,32,376,283,203,259,199,69,15,0
"경상북도","예천군",감천면,소계,남자인구수 (명),1244,4,7,18,218,132,97,93,61,17,5,0
"경상북도","예천군",감천면,소계,여자인구수 (명),1232,8,8,14,158,151,106,166,138,52,10,0
"경상북도","예천군",보문면,소계,총인구수 (명),1626,13,23,36,249,165,123,165,127,43,7,1
"경상북도","예천군",보문면,소계,남자인구수 (명),808,7,11,19,136,82,45,65,34,13,1,0
"경상북도","예천군",보문면,소계,여자인구수 (명),818,6,12,17,113,83,78,100,93,30,6,1
"경상북도","예천군",호명면,소계,총인구수 (명),20840,1344,1645,1741,760,432,336,340,201,61,10,3
"경상북도","예천군",호명면,소계,남자인구수 (명),10152,686,816,872,363,219,155,130,64,11,2,0
"경상북도","예천군",호명면,소계,여자인구수 (명),10688,658,829,869,397,213,181,210,137,50,8,3
"경상북도","예천군",유천면,소계,총인구수 (명),2472,62,60,52,252,215,170,205,148,55,15,4
"경상북도","예천군",유천면,소계,남자인구수 (명),1249,33,32,22,116,98,70,80,42,6,1,1
"경상북도","예천군",유천면,소계,여자인구수 (명),1223,29,28,30,136,117,100,125,106,49,14,3
"경상북도","예천군",용궁면,소계,총인구수 (명),2298,13,24,37,307,269,226,239,166,47,10,3
"경상북도","예천군",용궁면,소계,남자인구수 (명),1111,5,9,22,143,129,108,84,59,8,3,0
"경상북도","예천군",용궁면,소계,여자인구수 (명),1187,8,15,15,164,140,118,155,107,39,7,3
"경상북도","예천군",개포면,소계,총인구수 (명),1465,8,11,12,201,183,120,206,117,33,10,1
"경상북도","예천군",개포면,소계,남자인구수 (명),715,3,4,3,104,83,46,81,31,7,1,0
"경상북도","예천군",개포면,소계,여자인구수 (명),750,5,7,9,97,100,74,125,86,26,9,1
"경상북도","예천군",지보면,소계,총인구수 (명),2580,12,25,33,355,317,256,270,206,58,11,0
"경상북도","예천군",지보면,소계,남자인구수 (명),1291,6,12,19,190,159,108,99,62,11,3,0
"경상북도","예천군",지보면,소계,여자인구수 (명),1289,6,13,14,165,158,148,171,144,47,8,0
"경상북도","예천군",풍양면,소계,총인구수 (명),2882,17,17,26,392,321,245,314,228,66,12,1
"경상북도","예천군",풍양면,소계,남자인구수 (명),1371,8,6,19,190,157,107,98,64,13,1,0
"경상북도","예천군",풍양면,소계,여자인구수 (명),1511,9,11,7,202,164,138,216,164,53,11,1
"경상북도","예천군",효자면,소계,총인구수 (명),1172,2,9,26,189,109,88,78,65,27,4,0
"경상북도","예천군",효자면,소계,남자인구수 (명),594,1,7,17,106,61,46,32,13,5,1,0
"경상북도","예천군",효자면,소계,여자인구수 (명),578,1,2,9,83,48,42,46,52,22,3,0
"경상북도","예천군",은풍면,소계,총인구수 (명),1300,4,14,30,178,147,116,124,89,32,6,3
"경상북도","예천군",은풍면,소계,남자인구수 (명),659,2,4,15,103,71,50,54,33,7,1,0
"경상북도","예천군",은풍면,소계,여자인구수 (명),641,2,10,15,75,76,66,70,56,25,5,3
"경상북도","봉화군",소계,소계,총인구수 (명),29603,398,573,785,3567,2569,2039,2133,1348,460,103,13
"경상북도","봉화군",소계,소계,남자인구수 (명),15090,211,320,418,1927,1288,923,780,411,121,17,1
"경상북도","봉화군",소계,소계,여자인구수 (명),14513,187,253,367,1640,1281,1116,1353,937,339,86,12
"경상북도","봉화군",봉화읍,소계,총인구수 (명),9371,201,284,381,829,670,526,495,316,112,33,8
"경상북도","봉화군",봉화읍,소계,남자인구수 (명),4622,105,156,198,422,313,236,167,97,31,3,1
"경상북도","봉화군",봉화읍,소계,여자인구수 (명),4749,96,128,183,407,357,290,328,219,81,30,7
"경상북도","봉화군",물야면,소계,총인구수 (명),2888,30,28,41,433,294,247,239,149,48,9,1
"경상북도","봉화군",물야면,소계,남자인구수 (명),1490,13,18,22,246,146,112,102,48,12,3,0
"경상북도","봉화군",물야면,소계,여자인구수 (명),1398,17,10,19,187,148,135,137,101,36,6,1
"경상북도","봉화군",봉성면,소계,총인구수 (명),1962,8,25,29,269,201,147,157,121,43,9,1
"경상북도","봉화군",봉성면,소계,남자인구수 (명),952,7,12,16,144,102,68,48,32,8,1,0
"경상북도","봉화군",봉성면,소계,여자인구수 (명),1010,1,13,13,125,99,79,109,89,35,8,1
"경상북도","봉화군",법전면,소계,총인구수 (명),1933,20,27,38,278,161,153,181,135,33,9,0
"경상북도","봉화군",법전면,소계,남자인구수 (명),994,12,14,22,156,88,60,75,41,10,1,0
"경상북도","봉화군",법전면,소계,여자인구수 (명),939,8,13,16,122,73,93,106,94,23,8,0
"경상북도","봉화군",춘양면,소계,총인구수 (명),4286,52,75,78,521,361,312,337,215,80,17,0
"경상북도","봉화군",춘양면,소계,남자인구수 (명),2148,29,46,34,268,179,137,132,67,24,5,0
"경상북도","봉화군",춘양면,소계,여자인구수 (명),2138,23,29,44,253,182,175,205,148,56,12,0
"경상북도","봉화군",소천면,소계,총인구수 (명),2110,12,24,27,312,210,156,166,90,38,8,1
"경상북도","봉화군",소천면,소계,남자인구수 (명),1094,8,12,20,187,102,72,59,25,9,1,0
"경상북도","봉화군",소천면,소계,여자인구수 (명),1016,4,12,7,125,108,84,107,65,29,7,1
"경상북도","봉화군",재산면,소계,총인구수 (명),1401,8,9,21,203,124,96,114,68,30,1,0
"경상북도","봉화군",재산면,소계,남자인구수 (명),709,3,3,12,114,74,44,41,20,6,0,0
"경상북도","봉화군",재산면,소계,여자인구수 (명),692,5,6,9,89,50,52,73,48,24,1,0
"경상북도","봉화군",명호면,소계,총인구수 (명),2147,16,20,59,307,219,172,167,104,23,9,2
"경상북도","봉화군",명호면,소계,남자인구수 (명),1156,9,12,35,164,120,82,60,31,4,1,0
"경상북도","봉화군",명호면,소계,여자인구수 (명),991,7,8,24,143,99,90,107,73,19,8,2
"경상북도","봉화군",상운면,소계,총인구수 (명),1647,15,7,21,241,208,150,173,103,35,7,0
"경상북도","봉화군",상운면,소계,남자인구수 (명),849,10,1,13,132,101,74,65,39,10,1,0
"경상북도","봉화군",상운면,소계,여자인구수 (명),798,5,6,8,109,107,76,108,64,25,6,0
"경상북도","봉화군",석포면,소계,총인구수 (명),1858,36,74,90,174,121,80,104,47,18,1,0
"경상북도","봉화군",석포면,소계,남자인구수 (명),1076,15,46,46,94,63,38,31,11,7,1,0
"경상북도","봉화군",석포면,소계,여자인구수 (명),782,21,28,44,80,58,42,73,36,11,0,0
"경상북도","울진군",소계,소계,총인구수 (명),46669,1016,1364,1578,4183,3016,2495,2510,1609,607,147,16
"경상북도","울진군",소계,소계,남자인구수 (명),23553,532,682,842,2107,1434,1079,853,427,112,14,2
"경상북도","울진군",소계,소계,여자인구수 (명),23116,484,682,736,2076,1582,1416,1657,1182,495,133,14
"경상북도","울진군",울진읍,소계,총인구수 (명),13575,342,522,707,849,614,466,462,296,105,28,3
"경상북도","울진군",울진읍,소계,남자인구수 (명),6859,177,273,378,422,289,193,162,89,26,1,0
"경상북도","울진군",울진읍,소계,여자인구수 (명),6716,165,249,329,427,325,273,300,207,79,27,3
"경상북도","울진군",평해읍,소계,총인구수 (명),2529,18,16,42,267,235,235,240,163,64,14,0
"경상북도","울진군",평해읍,소계,남자인구수 (명),1211,11,8,25,107,104,102,75,56,12,0,0
"경상북도","울진군",평해읍,소계,여자인구수 (명),1318,7,8,17,160,131,133,165,107,52,14,0
"경상북도","울진군",북면,소계,총인구수 (명),6906,351,387,269,399,258,195,198,139,41,12,3
"경상북도","울진군",북면,소계,남자인구수 (명),3680,188,184,139,191,130,93,68,40,5,1,1
"경상북도","울진군",북면,소계,여자인구수 (명),3226,163,203,130,208,128,102,130,99,36,11,2
"경상북도","울진군",북면하당출장소,소계,총인구수 (명),645,1,7,2,85,57,50,70,47,11,1,0
"경상북도","울진군",북면하당출장소,소계,남자인구수 (명),330,0,4,2,43,35,14,26,10,3,0,0
"경상북도","울진군",북면하당출장소,소계,여자인구수 (명),315,1,3,0,42,22,36,44,37,8,1,0
"경상북도","울진군",근남면,소계,총인구수 (명),2713,50,50,58,318,176,176,204,127,60,9,1
"경상북도","울진군",근남면,소계,남자인구수 (명),1377,26,28,38,174,89,72,63,32,10,0,0
"경상북도","울진군",근남면,소계,여자인구수 (명),1336,24,22,20,144,87,104,141,95,50,9,1
"경상북도","울진군",기성면,소계,총인구수 (명),2370,7,24,41,289,238,184,222,171,70,25,2
"경상북도","울진군",기성면,소계,남자인구수 (명),1160,2,11,19,154,122,77,83,43,10,4,0
"경상북도","울진군",기성면,소계,여자인구수 (명),1210,5,13,22,135,116,107,139,128,60,21,2
"경상북도","울진군",온정면,소계,총인구수 (명),1583,14,17,23,200,171,145,168,111,45,11,2
"경상북도","울진군",온정면,소계,남자인구수 (명),771,7,7,11,113,88,64,58,34,9,3,1
"경상북도","울진군",온정면,소계,여자인구수 (명),812,7,10,12,87,83,81,110,77,36,8,1
"경상북도","울진군",죽변면,소계,총인구수 (명),6110,110,118,162,622,369,320,298,170,61,17,1
"경상북도","울진군",죽변면,소계,남자인구수 (명),3177,62,66,86,334,177,148,94,35,10,2,0
"경상북도","울진군",죽변면,소계,여자인구수 (명),2933,48,52,76,288,192,172,204,135,51,15,1
"경상북도","울진군",후포면,소계,총인구수 (명),7099,111,197,225,768,590,459,354,180,59,14,2
"경상북도","울진군",후포면,소계,남자인구수 (명),3467,51,90,125,361,247,202,130,40,13,2,0
"경상북도","울진군",후포면,소계,여자인구수 (명),3632,60,107,100,407,343,257,224,140,46,12,2
"경상북도","울진군",금강송면,소계,총인구수 (명),1219,1,11,13,148,125,101,97,70,27,2,0
"경상북도","울진군",금강송면,소계,남자인구수 (명),602,1,5,3,88,57,44,31,17,6,1,0
"경상북도","울진군",금강송면,소계,여자인구수 (명),617,0,6,10,60,68,57,66,53,21,1,0
"경상북도","울진군",매화면,소계,총인구수 (명),1920,11,15,36,238,183,164,197,135,64,14,2
"경상북도","울진군",매화면,소계,남자인구수 (명),919,7,6,16,120,96,70,63,31,8,0,0
"경상북도","울진군",매화면,소계,여자인구수 (명),1001,4,9,20,118,87,94,134,104,56,14,2
"경상북도","울릉군",소계,소계,총인구수 (명),9077,138,172,222,880,627,493,343,195,75,16,0
"경상북도","울릉군",소계,소계,남자인구수 (명),5033,71,96,113,468,311,227,140,73,18,4,0
"경상북도","울릉군",소계,소계,여자인구수 (명),4044,67,76,109,412,316,266,203,122,57,12,0
"경상북도","울릉군",울릉읍,소계,총인구수 (명),6423,101,128,176,579,420,325,211,100,37,4,0
"경상북도","울릉군",울릉읍,소계,남자인구수 (명),3563,51,69,85,294,215,146,88,38,8,2,0
"경상북도","울릉군",울릉읍,소계,여자인구수 (명),2860,50,59,91,285,205,179,123,62,29,2,0
"경상북도","울릉군",서면,소계,총인구수 (명),910,13,19,17,99,69,51,44,32,13,2,0
"경상북도","울릉군",서면,소계,남자인구수 (명),503,7,11,9,56,31,19,17,10,3,0,0
"경상북도","울릉군",서면,소계,여자인구수 (명),407,6,8,8,43,38,32,27,22,10,2,0
"경상북도","울릉군",서면태하출장소,소계,총인구수 (명),454,10,4,7,55,43,40,31,12,10,4,0
"경상북도","울릉군",서면태하출장소,소계,남자인구수 (명),260,7,3,5,31,19,24,16,4,4,1,0
"경상북도","울릉군",서면태하출장소,소계,여자인구수 (명),194,3,1,2,24,24,16,15,8,6,3,0
"경상북도","울릉군",북면,소계,총인구수 (명),1290,14,21,22,147,95,77,57,51,15,6,0
"경상북도","울릉군",북면,소계,남자인구수 (명),707,6,13,14,87,46,38,19,21,3,1,0
"경상북도","울릉군",북면,소계,여자인구수 (명),583,8,8,8,60,49,39,38,30,12,5,0
